81210515000118;Papelaria Prime
51062751000173;Papelaria Essencial
70113345000137;Material Escolar Pro
72777781000136;Suprimentos de Escritório
81830752000181;Loja de Papelaria
51713226000170;Fornecedora de Papéis
50216570000191;Descontraído
57400735000120;Papelação Legal
02643463000105;Papel e Caneta Mania
52315867000130;Canto das Letras
87358073000138;Aventuras na Papelaria
17441438000108;Brincando com Papéis
22535226000120;Profissional
03182008000104;Papelaria Corporativa
71072384000104;Fornecimento Premium
31611542000124;Supreme Supplies
43171627000118;Material de Escritório Sigma
45162424000190;Soluções de Papelaria
05281646000108;Simpático
55787343000130;Cantinho do Papel
73326348000147;Papelaria do Amigo
73084563000189;Laços de Papel
57428101000185;Papel e Carinho
06163368000157;Papelaria Aconchego
27223805000150;Informativo
82681785000170;Papelaria em Números
58582437000160;Materiais de Papelaria 101
12700101000154;Guia da Papelaria
15337675000106;Tudo Sobre Papéis
80242208000156;Papel e Tinta: Um Guia
07717083000183;Peculiar
13322280000104;Papelaria Maluca
46174141000121;Descomplica Papel e Caneta
73200802000119;Papéis com Estilo
68513715000181;Papelaria do Doido
34753054000140;A Magia do Papel
62434544000119;Material Escritório BR
40366020000103;Ponto do Escritório
48051565000124;Central de Materiais
81075670000179;Escritório e Cia
16337016000124;Descontraído
64750727000179;Escrita Divertida
83607700000176;Papéis e Risadas
35677788000150;Escritório Alegre
23784885000162;Aventuras do Material
85356652000116;Brincadeiras de Escritório
74173664000199;Profissional
47210153000127;Supplies de Escritório
70436321000119;Excelência em Materiais
35868410000133;Soluções para Escritórios