PAPEL CHAMEX A4;38.00
PAPEL OFICIO A4 BRANCO 100;12.50
CHAMEX A4 AVULSO;0.36
CADERNO BROCHURAO 48 FLS CD COSTURADO CORES;8.90
CADERNO BROCHURAO 80 FLS CD COSTURADO CORES;19.00
CADERNO BROCHURAO 96 FLS CD COSTURADO CORES;22.00
CADERNO BROCHURAO 80 FLS CD COSTURADO FORONI;27.70
CADERNO 1 MT A5 80 FLS ESPIRAL;24.00
CADERNO BROCHURÃO CD 96FLS CP JANDAIA;14.00
CADERNO BROCHURAO CD 48FLS CP TILIBRA;14.00
CADERNO BROCHURÃO CD 96FLS SP CORES;18.00
CADERNO BROCHURÃO CD 80FLS SP SD;18.00
CADERNO LINGUAGEM CD COMECANDO A ESCREVER 40F;12.20
CADERNO 1MT ESP CD TILIBRA FEM/MASC 96FLS;21.90
CADERNO 1MT ESP CAPA FORTE 96 FLS;16.60
CADERNO 10MT CD ESP JANDAIA 160 FLS;25.80
CADERNO 10MT ESP CD TILIBRA MAIS FEM/MASC 200FLS;29.50
CADERNO 10MT ESP CD FLIP 160FLS;32.50
CADERNO BROCHURAO SP 60FLS FLEX;13.50
CADERNO BROCHURÃO FLEX CP 80FLS;12.90
CADERNO BROCHURÃO CF 60 FLS LICENCIADO MASC FEM;11.50
CADERNO MEIA PAUTA CD;23.50
BLOCO CARTA SÃO DOMINGOS GDE 50FLS;11.70
CADERNETA 1/16 ESPIRAL CF 40FLS;2.00
CADERNETA KIT 1/16 80FLS;5.20
CADERNETA 1/16 CD 64FLS ESP PRETA;5.60
CADERNETA 1/8 ESPIRAL TILIBRA CD 80FLS;12.80
CADERNETA 1/8 ESPIRAL TILIBRA CD 96FLS;15.20
CADERNO 1/4 ESPIRAL CF M/F TILIBRA 96 FLS;10.50
CADERNO 1/4 ESPIRAL CF TILIBRA M/F 48 FLS;6.50
CADERNO 1/4 ESPIRAL CAPA FORTE NEUTRO 48 FLS;5.00
CADERNO 1/4 ESPIRAL CD 80 FLS;11.90
CADERNO 1/4 ESPIRAL CD 200 FLS;26.90
CADERNO 1/4 BROCHURA 48 FLS;4.50
CADERNO 1/4 BROCHURA 96 FLS;7.50
CADERNO 1/4 BROCHURA CD - 96FLS CORES;10.50
CADERNO 1/4 BROCHURA CD - 48FLS CORES;7.00
CADERNO 1/4 BROCHURA CD 96FLS COM INDICE A/Z;18.50
CADERNETA KRAFT TILIBRA;14.40
CADERNETA FILIBOOK;14.40
CADERNO 1/4 CALIGRAFIA CF 40FLS;4.50
CADERNO 1/4 CALIGRAFIA 48FLS;4.50
CADERNO CALIGRAFIA BROCHURAO CD 48FLS;16.30
CADERNO CARTOGRAFIA GRAMPO CF 40FLS;5.50
CADERNO CARTOGRAFIA ESPIRAL CF 48FLS;10.90
CADERNO CARTOGRAFIA ESPIRAL CF 96FLS;14.80
CADERNO CARTOGRAFIA GRAMPO CD 40FLS;14.80
CADERNO CARTOGRAFIA CD ESPIRAL 80 FLS MASC/FEM;25.30
PAPEL OFICIO A4 COLOR 100;16.50
PAPEL OFICIO A4 AMARELO 100;12.50
PAPEL OFICIO A4 AZUL 100;12.50
PAPEL OFICIO A4 ROSA 100;12.50
PAPEL OFICIO A4 VERDE 100;12.50
PASTA ELASTICO AMARELA OFICIO 20MM;7.80
PASTA ELASTICO CRISTAL OFICIO 20MM;7.80
PASTA ELASTICO FUME OFICIO 20MM;7.80
PASTA ELASTICO VERDE OFICIO 20MM;7.80
PASTA ELASTICO VERMELHA OFICIO 20MM;7.80
PASTA ELASTICO AZUL OFICIO 30MM;8.00
PASTA ELASTICO CRISTAL OFICIO 30MM;8.00
PASTA ELASTICO FUME OFICIO 30MM;8.00
PASTA ELASTICO FUME OFICIO 40MM;8.50
PASTA ELASTCO OFICIO CRISTAL 55MM;11.20
PASTA ELASTCO OFICIO FUME 55MM DELLO;11.20
PASTA ELASTICO POLIONDA AZUL 2CM;4.50
PASTA ELASTICO POLIONDA AMARELA 2CM;4.50
PASTA ELASTICO POLIONDA VERMELHO 2CM;4.50
PASTA ELASTICO POLIONDA AZUL 5.5CM;6.50
PASTA ELASTICO POLIONDA AMARELA 5.5CM;6.50
PASTA ELASTICO POLIONDA VERDE 5.5CM;6.50
PASTA ELASTICO POLIONDA VERMELHO 5.5CM;6.50
PASTA ELASTICO 1/2 OFICIO CRISTAL 20MM;4.00
PASTA ELASTICO 1/2 OFICIO FUME 20MM;4.00
PASTA ELASTICO 1/2 OFICIO FUME;3.50
PASTA ELASTICO 1/2 OFICIO VERMELHO;4.00
MALETA PLAST PP 40MM CRISTAL;4.00
MALETA PLAST PP 40MM FUME;4.00
MALETA PLAST DECORADA;35.00
MALETA A3 CRISTAL;39.70
MALETA A3 FUME;39.70
MALETA A2 CRISTAL;53.70
PASTA SUSPENSA MARMORIZADA PLASTIFICADA C/VARETA+VISOR0039;4.50
PASTA SUSPENSA MARMORIZADA C/VARETA+VISOR 354;3.80
ARQUIVO MORTO AZUL E VERDE PEQ 35*13*25;14.10
ARQUIVO MORTO AZUL GDE 40*30*18;34.50
ARQUIVO MORTO KRAFT PEQ;6.60
ARQUIVO MORTO KRAFT GDE;34.50
ENVELOPE PARDO 260X360;1.50
ENVELOPE PARDO 310x410;1.50
ENVELOPE PARDO 370x470;2.00
ENVELOPE PARDO 162X229;0.70
ENVELOPE PARDO 176X250;0.70
ENVELOPE PARDO 229X324;1.00
ENVELOPE PARDO 240X340;1.00
ENVELOPE BRANCO 176X250;0.80
ENVELOPE BRANCO 229X324;0.80
ENVELOPE BRANCO 240X340;1.80
ENVELOPE BRANCO 260X360;2.00
ENVELOPE PARDO 110X170;0.50
ENVELOPE BRANCO COMERCIAL AERO 114X162;0.50
ENVELOPE BRANCO COMERCIAL 114X162 40GRS SEM RPC;0.50
ENVELOPE BRANCO COMERCIAL 114X162 40GRS COM RPC;0.50
ENVELOPE BRANCO COMERCIAL 114X229 SEM RPC;0.50
ENVELOPE BRANCO COMERCIAL 114X229 COM RPC;0.50
ENVELOPE CARTAO VISITA BRANCO 67X100 / 72X108;0.50
ENVELOPE PLASTICO MEDIO EM FURO;1.00
ENVELOPE PLASTICO MEDIO COM FURO;1.30
ENVELOPE SACO PP TRANSPARENTE 25X35;1.30
PAPEL FILIPAPER DECOR 180 A4 C/20 FLS;19.80
PAPEL COLOR PLUS SORTIDO;14.50
PAPEL COLOR SET ECOCORES 110 GRS 35FLS;25.50
PAPEL COLOR CREATIVE PAPER 48FLS;12.80
PAPEL COLOR SET A4 BRANCO 50FLS JANDAINHA;19.60
PAPEL CARTAO KIT CARDS LUMINOSO A4 25FLS SORTIDAS;18.90
PAPEL FILIPINHO COLOR COR UNICA;15.80
PAPEL COUCHE A4 170GRS BRILHO;26.00
PAPEL VERGE PALHA A4 120GRS 30FLS;11.90
PAPEL VERGE SALMAO A4 90GRS 100FLS;15.80
PAPEL VERGE SALMAO A4 120GRS 30FLS;11.90
PAPEL VERGE CREME A4 120GRS 30FLS;11.90
PAPEL VERGE CREME A4 180GRS 20FLS;11.90
PAPEL VERGE CREME A4 180GRS 50FLS;24.00
PAPEL COUCHE A4 180GRS BRILHO 50 FLS;34.90
PAPEL GLOSSY MASTERPRINT ADESIVO 20;36.00
PAPEL GLOSSY MASTERPRINT ADESIVO 50FLS;51.80
PAPEL GLOSSY MASTERPRINT A4 20 FLS;19.80
PAPEL DIVERSOS A4;25.00
DIVISORIA PARA FICHARIO 1/4 6 MT;5.90
DIVISORIA PARA FICHARIO UNIV 6 MTS 04 FUROS;6.70
DIVISORIA PARA FICHARIO UNIV 10 MTS 04 FUROS;10.40
DIVISORIA PARA FICHARIO UNIV 12MTS 4 FUROS;13.40
REFIL FICHARIO TILIBRA BRANCO 200 FLS;40.50
REFIL FICHARIO TILIBRA BRANCO 96 FLS;14.90
REFIL FICHARIO TILIBRA COLOR 96 FLS;14.90
REFIL FICHARIO BRANCO JANDAIA 96FLS;14.90
REFIL FICHARIO PAUTA BRANCA 25 FLS 2 FUROS;9.00
REFIL FICHARIO DECORADO 64FLS KIT;9.00
IMPRESSO CONTRATO DE LOCAÇÃO 100FLS;0.50
CURRICULUM VITAE 50FLS;0.50
BLOCO RASCUNHO COM PICOTE 115X160 100FLS;8.90
BLOCO RASCUNHO COM PICOTE 160X225 100FLS;8.90
RECIBO CONDOMINIO 50FLS;5.00
RECIBO DE ALUGUEL C CANHOTO 50FLS;5.00
RECIBO COMERCIAL C CANHOTO 50FLS;5.00
NOTA PROMISSORIA AMARELA 50FLS;5.00
RECIBO TAXI 50FLS;4.00
PEDIDO DE MESA CARBONADO 50X2;4.80
TALOES DE PEDIDO 2 VIAS 1/32 105X159;4.00
RIFA 30;2.00
PLACA ALUGA-SE E VENDE-SE;4.00
VALES C CANHOTO 50FLS;4.00
COMANDA 2 CORPOS 100FLS;4.00
AÇÃO ENTRE AMIGOS;4.50
GUIA PREV SOCIAL;7.00
TALOES NOTA NEUTRA 1/18 50FLS;4.00
TALOES NOTA NEUTRA 1/36 C COPIA 104X155;5.00
TALOES DE PEDIDO 150x200 1 VIAS 1/18;7.00
TALOES DE PEDIDO 2 VIAS 14X21 1/18;7.00
FICHA PAUTADA 6X9 100 FLS;38.00
FICHA PAUTADA 5X8 100;31.00
FICHA PAUTADA 4X6 100;18.40
FICHA PAUTADA 3X5 100;13.80
LIVRO CONTA CORRENTE OFICIO 100FLS;28.50
LIVRO PONTO OFICIO 50 FLS;20.00
LIVRO CONTA CORRENTE OFICIO 50FLS;19.80
LIVRO MOVIMENTO CAIXA OFICIO 100 FLS;26.80
LIVRO MOVIMENTO CAIXA 1/4 100 FLS;13.60
LIVRO CONTA CORRENTE 1/4 100 FLS;15.90
LIVRO CAIXA OFICIO 50 FLS;25.50
LIVRO ATA 50FLS;14.80
LIVRO ATAS 100FLS;22.70
LIVRO PROTOCOLO 1/4 50FLS;7.00
LIVRO REGISTRO DE EMPREGADO 50FLS;30.00
PILHA COMUM AA;8.00
PILHA COMUM AAA;8.00
PILHA ALCALINA AA;10.90
PILHA ALCALINA AAA;11.50
BATERIA LITHIUN 1616;8.50
BATERIA LITHIUN 1620;8.50
BATERIA LITHIUN 2016;8.50
BATERIA LITHIUN 2025;12.50
BATERIA LITHIUN 2032;11.50
BATERIA LITHIUN LR1130 LR54;5.00
BATERIA LR44 AG13;5.00
BATERIA A27 12V;7.00
BATERIA A23 12V;30.00
GRAMPO MOLA 15MM;30.00
GRAMPO MOLA 19MM;1.00
GRAMPO MOLA 25MM;1.50
GRAMPO MOLA 32MM;2.50
GRAMPO MOLA 41MM;3.50
GRAMPO MOLA 51MM;4.50
CLIPS 8/0 137UNID;17.90
CLIPS 8/0 25UNID;17.90
CLIPS 6/0 50UNID;9.00
CLIPS 4/0 50UNID;7.00
CLIPS 2/0 50UNID;7.00
CLIPS COLORIDO 100 UN;12.50
CLIPS N5 PRATA. OURO. COLOR C 100;9.50
CLIPS N5 PRATA. OURO. COLOR 200 UN;12.00
PERCEVEJO COBREADO 100;6.50
ALFINETE MAPA COLORIDO 50 REDONDO;8.30
COLCHETE LATONADO N 4;0.10
COLCHETE LATONADO N 10;0.20
COLCHETE LATONADO N 12;0.30
GRAMPO TOT GALVANIZADO C 1000;5.60
GRAMPO GALVANIZADO 26X6 C1000;5.00
GRAMPO GALVANIZADO 26X6 C 5000;13.80
GRAMPEADOR 20 FLS;22.90
GRAMPEADOR COM ROTACAO 20 FLS;35.00
GRAMPEADOR METAL GRANDE 20CM;37.60
SUPORTE DE FITA ADESIVA GDE;45.60
APLICADOR FITA EMPACOTAR;52.50
EXTRATOR DE GRAMPO;5.00
REFIL QUADRO BRANCO PILOT VBM CORES;7.50
REFIL CANETA PERMANENTE CORES;8.00
REFIL CANETA QUADRO BRANCO CORES;9.00
TINTA CARIMBO CORES;9.00
ALMOFADA CARIMBO N3 CORES;9.00
CORDAO CRACHA RETRATIL CORES;4.00
CORDAO CRACHA SILICONE;1.50
PRESILHA PARA CRACHA;2.50
CRACHA VERTICAL COM CORDAO;4.50
CRACHA HORIZONTAL SEM PRESILHA;3.00
CRACHA VERTICAL SEM PRESILHA;3.00
PORTA DOC RG 75X105;2.00
PORTA DOC CNH 65X90;2.00
PROTETOR DE CARTAO RIGIDO;2.00
IDENTIFICADOR DE CHAVES;4.00
BORRACHA CIS DADINHO;4.00
BORRACHA KIT FUN;4.00
BORRACHA ENGROSSADOR MERCUR GRIP LONGO;4.00
BORRACHA LIMPA TIPO;5.60
BORRACHA PENTEL BRANCA;4.50
BORRACHA PONTEIRA BRANCA;0.80
BORRACHA DELTA;4.00
BORRACHA BRANCA 40;2.50
BORRACHA BRANCA 20;2.90
BORRACHA BRANCA ZERO;5.90
BORRACHA FC NEON GLITER PASTEL;5.50
BORRACHA FC CAVEIRINHA;4.90
BORRACHA FC BRANCA MAX GDE PLAST VERMELHA;9.40
BORRACHA FC BRANCA MAX PEQ PLAST VERMELHA;5.50
BORRACHA FC MINI SLEEVE;5.80
APONTADOR DUO FC C DEPOSITO BORRACHA;11.60
APONTADOR DUO MAPED;16.50
APONTADOR MAPED 1 FURO COM DEPOSITO;5.00
APONTADOR MAPED 1 FURO COM DEPOSITO BOOGY;5.00
APONTADOR MAPED 2 FURO COM DEPOSITO BOOGY;6.50
APONTADOR FC C DEPOSITO 1F PASTEL;7.50
APONTADOR FC C DEPOSITO 1F TRANSPARENTE;7.50
APONTADOR FC C DEPOSITO TRANSP 1F MINI;7.50
APONTADOR FC C DEPOSITO BOLA DA VEZ;14.00
APONTADOR MASTERPRINT 1 FURO COM DEPOSITO;3.50
APONTADOR MASTERPRINT 2 FURO COM DEPOSITO;4.50
APONTADOR MAPED S DEPOSITO;3.00
APONTADOR FC S DEPOSITO;3.00
APONTADOR FC S DEPOSITO CLASSICO;3.00
APONTADOR METAL;3.00
GRAFITE PENTEL 0.3B 12 MINAS;9.80
GRAFITE 2.0 MM 6 MINAS;9.80
GRAFITE FC 0.5MM B 24 MINAS;8.50
GRAFITE FC 0.5MM HB 24 MINAS;8.50
GRAFITE 0.5MM 2B 12 MINAS;8.50
GRAFITE FC 0.5MM 2B 24 MINAS;8.50
GRAFITE FC 0.7MM B 24 MINAS;8.50
GRAFITE FC 0.7MM HB 24 MINAS;8.50
GRAFITE FC 0.7MM 2B 24 MINAS;8.50
GRAFITE 0.7MM 2B 12 MINAS;8.50
GRAFITE FC 0.9MM B 24 MINAS;8.50
GRAFITE 0.9MM 2B 12 MINAS;6.50
GLITER PRATA 3GRS;6.50
GLITER CRISTAL 3GRS;2.00
GLITER AZUL CLARO 3GRS;2.00
GLITER AZUL ESCURO 3GRS;2.00
GLITER COBRE 3GRS;2.00
GLITER LILAS 3GRS;2.00
GLITER LARANJA 3GRS;2.00
GLITER OURO 3GRS;2.00
GLITER VERDE 3GRS;2.00
GLITER VERMELHO 3GRS;2.00
GLITER PINK 3GRS;2.00
GLITER PRETO 3GRS;2.00
GLITER DECORADO 3GRS;2.00
GLITER ROXO 3GRS;2.00
GLITER NEON AMARELO 3GRS;2.00
GLITER NEON AZUL 3GRS;2.00
GLITER NEON LARANJA 3GRS;2.00
GLITER NEON LILAS 3GRS;2.00
GLITER NEON ROSA 3GRS;2.00
TINTA GUACHE CORES 250ML;12.00
TINTA GUACHE 15ML AMARELO OURO;2.00
TINTA GUACHE 15ML AMARELO PELE;2.00
TINTA GUACHE 15ML AZUL CELESTE;2.00
TINTA GUACHE 15ML AZUL TURQUEZA;2.00
TINTA GUACHE 15ML BRANCO;2.00
TINTA GUACHE 15ML LARANJA;2.00
TINTA GUACHE 15ML MAGENTA;2.00
TINTA GUACHE 15ML MARROM;2.00
TINTA GUACHE 15ML PRETO;2.00
TINTA GUACHE 15ML ROSA;2.00
TINTA GUACHE 15ML VERDE BANDEIRA;2.00
TINTA GUACHE 15ML VERDE FOLHA;2.00
TINTA GUACHE 15ML VERMELHO FOGO;2.00
TINTA GUACHE 15ML VIOLETA;2.00
TINTA GUACHE 15ML COM 6;11.00
TINTA GUACHE 15ML COM 12;18.90
TINTA PINTURA A DEDO 15ML COM 6;8.90
TINTA TECIDO ACRILEX AMARELO OURO;8.80
TINTA TECIDO ACRILEX AZUL CELESTE;8.80
TINTA TECIDO ACRILEX AZUL MARINHO;8.80
TINTA TECIDO ACRILEX BRANCO;8.80
TINTA TECIDO ACRILEX LARANJA;8.80
TINTA TECIDO ACRILEX MARROM;8.80
TINTA TECIDO ACRILEX PRETO;8.80
TINTA TECIDO ACRILEX VERDE;8.80
CANETA TECIDO ACRILEX CORES;11.00
CANETA TECIDO ACRILEX PRETA;13.80
MOLHA DEDO GEL;6.50
ELASTICO DINHEIRO MERCUR 200 UNIDADES;21.00
TESOURA 25CM;32.50
TESOURA 21CM;15.90
TESOURA 19CM;12.90
TESOURA 17.5CM;10.50
TESOURA ESCOLAR;15.50
LAMINA ESTILETE 09CM;8.00
LAMINA ESTILETE 18CM;12.50
ESTILETE 9 MM;2.80
ESTILETE 18 MM;5.50
ESTILETE 18 MM PROFISSIONAL;10.50
PERFURADOR DE PAPEL 08 FLS;29.50
PERFURADOR DE PAPEL 20 FLS;31.80
CORRETIVO FITA MERCUR 12M;30.30
CORRETIVO CANETA MERCUR 8ML;20.80
CORRETIVO LIQUIDO MERCUR 18ML;6.90
CORRETIVO CANETA CIS 7ML;17.70
CORRETIVO FITA CIS TAPE 5M;21.50
CORRETIVO FITA JOCAR;12.00
COMPASSO ESCOLAR LEO;13.50
COMPASSO ESCOLAR METAL CIS;20.00
LAPISEIRA PENTEL TECNICA PRATA 0.3MM;37.80
LAPISEIRA PENTEL TECNICA PRATA 0.5MM;37.80
LAPISEIRA PENTEL TECNICA PRATA 0.7MM;37.80
LAPISEIRA PENTEL 0.5MM;15.00
LAPISEIRA CIS FOG 05MM;7.60
LAPISEIRA CIS GRAPH 05;17.00
LAPISEIRA LEO 07;7.50
LAPISEIRA PENTEL TWISTER 07;7.50
LAPISEIRA CIS MAX 05MM;13.60
LAPISEIRA CIS GRAPH 07;17.00
LAPISEIRA CIS TECNICO 07;11.70
LAPISEIRA CIS OMNI 07;11.90
LAPISEIRA CIS MOV 07;15.50
LAPISEIRA CIS PENTATONIC 07;15.50
LAPISEIRA BRW 07;13.60
LAPISEIRA CIS FUN 07;13.60
LAPISEIRA MAXPRINT GATTE NEON 07;7.70
LAPISEIRA FC GRIP MATIC 0.5;29.90
LAPISEIRA JOCAR TECNICA 0.9;7.50
LAPISEIRA CIS GRAPH 09;17.70
LAPISEIRA CIS CLUB 2.0;13.00
LAPISEIRA LEO e LEO 2.0;7.50
LAPISEIRA CIS TROCA PONTA 2.0 TIK TAK;7.50
PAPEL CREPON 2M AZUL ROYAL;3.00
PAPEL CREPON 2M BRANCO;3.00
PAPEL CREPON 2M LARANJA;3.00
PAPEL CREPON 2M LILAS;3.00
PAPEL CREPON 2M PRETO;3.00
PAPEL CREPON 2M VERDE BANDEIRA;3.00
PAPEL CREPON 2M ROSA;3.00
PAPEL CREPON 2M MARROM;3.00
PAPEL CREPON 2M VERMELHO;3.00
PAPEL CREPON 2M PINK;3.00
CANETA QB BIC CORES;10.50
CANETA QB STAROFFICE CORES;7.90
CANETA MP BIC TANK CORES;7.50
CANETA MP FC TANK CORES;6.50
CANETA MP SHARPIE TANK CORES;6.50
CANETA MP SHARPIE REDONDO CORES;10.20
CANETA MP PILOT REDONDO 100 CORES;7.50
CANETA HIDROGRAFICA PILOT REDONDO 850 JR CORES;6.80
CANETA RETRO PILOT 1.0 CORES;9.70
CANETA RETRO PILOT 2.0 CORES;9.70
CANETA UNI BOL 03 MITSUBISHI;35.90
CANETA UNI BOL 08 MITSUBISHI;35.90
CANETA FC FINE PEN ESTOJO;62.50
CANETA FC FINEPEN CORES 04;9.70
CANETA COMPACTOR MICROLINE ESTOJO 04;36.70
CANETA COMPACTOR MICROLINE 04 CORES;7.50
CANETA STABILO FINE 04 CORES;15.80
CANETA HIDROCOR STARSCHOOL COLOR SORTIDO 12 CORES;14.80
CANETA HIDROCOR STARSCHOOL COLOR SORTIDO 6 CORES;7.00
FLOATINGPEN ESTOJO 12 CORES;63.00
CANETA MARCA TEXTO COMUM CORES;5.00
CANETA MARCA TEXTO GEL COMUM CORES;6.50
CANETA MARCA TEXTO FC CORES;7.50
CANETA FC TRILUX CORES;2.20
CANETA COMPACTOR TOP 2000 CORES PONTA FINA E GROSSA;1.80
CANETA ESFEROGRAFICA COMPACTOR CORES;2.50
CANETA DIVERSAS PROMOCAO;5.00
CANETA CIS NEOTIP 07 CORES;3.90
CANETA CIS SPIRO 07 CORES;5.00
CANETA CIS TECHNO 07 CORES;7.40
CANETA GEL CIS OURO PRATA;6.50
CANETA CIS MOVE ESTOJO;69.70
CANETA PM FLAIR ORIGINAL CORES;7.80
CANETA COMPACTOR RETRATIL 07 CORES;7.80
CANETA PENTEL 1.0 RETRATIL CORES;3.70
CANETA PENTEL RSVP CORES;7.50
CANETA PENTEL GEL RT 07 CORES;15.00
CANETA PILOT BPS 0.7 CORES;15.00
CANETA PILOT BPS GRIP DIVERSAS CORES;15.00
CANETA PILOT BPS SUPER GRIP DIVERSAS CORES;15.00
CARTOLINA CORES;2.00
PAPEL CARTAO CORES;3.50
PAPEL CAMURÇA CORES;1.70
COLOR SET CORES;1.70
PAPEL CELOFANE CORES;2.20
PAPEL DE SEDA CORES;0.50
PAPEL PRESENTE;3.00
PAPEL PARDO;2.00
CANETA PILOT RT DIVERSAS CORES;5.00
CANETA BIC CRISTAL CORES;2.20
CANETA BIC CRISTAL FINA CORES;2.20
CANETA BIC CRISTAL ULTRA FINA CORES;3.70
CANETA BIC CRISTAL SOFT 1.2 CORES;2.60
CANETA BIC CRISTAL SOFT BOLD 1.6 CORES;3.90
CANETA BIC SORTIDA;2.80
CANETA BIC 04 CORES;15.90
CANETA BIC SLIM PRETA;5.00
GIZ ESCOLAR BRANCO;8.00
GIZ DE CERA FINO ACRILEX 12 CORES;4.00
GIZ DE CERA GIZAO ACRILEX 6 CORES NEON;8.90
GIZ DE CERA GIZAO ACRILEX 12 CORES;9.80
GIZ DE CERA GIZAO ACRILEX TRIANGULAR C/12;6.20
GIZ PASTEL PENTEL 12 CORES;25.20
GIZ DE CERA FABER CASTEL 12 CORES APONTADOR;16.40
GIZ LAPIS ESTACA CORES;1.30
BOLA ISOPOR 15MM;0.30
BOLA ISOPOR 25MM;0.40
BOLA ISOPOR 35MM;0.60
BOLA ISOPOR 50MM;0.90
BOLA ISOPOR 75MM;1.80
BOLA ISOPOR 100MM;5.50
BOLA ISOPOR 125MM;8.60
BOLA ISOPOR 150MM;10.60
MASSA DE MODELAR ACRILEX C/06;6.50
MASSA DE MODELAR ACRILEX 12 SOFT;10.50
MASSA DE MODELAR ACRILEX 15 SOFT;15.80
BOBINA TERMICA BRANCA 79x30 1 VIA;8.90
BOBINA TERMICA AMARELA 80x40 1 VIA;12.00
BOBINA CALCULADORA 57x35 1 VIA;3.90
BOBINA CALCULADORA 76x30 1 VIA;5.60
BOBINA TERMICA BCA 57x15;4.00
PASTA ELASTICO OFICIO CORES;6.50
PASTA ELASTICO OFICIO CORES PASTEL;7.50
PASTA ELASTICO OFICIO DUPLEX CORES;5.00
PASTA L A4 CORES;5.00
PASTA GRAMPO TRILHO DUPLEX CORES;3.50
PASTA GRAMPO TRILHO CORES PP;6.50
PASTA CANALETA A4 CORES;6.50
PISTOLA COLA QUENTE GRANDE;42.50
MOUSE PRETO MULTILASER USB;24.00
MOUSE PRETO MULTILASER USB MINI;20.00
PLACA DE ISOPOR 015MM;9.00
PLACA DE ISOPOR 05MM;9.00
PLACA DE ISOPOR 10MM;6.00
PLACA DE ISOPOR 20MM;12.00
LAPIS PRETO TECNICO FC 9000 - B;12.00
LAPIS PRETO TECNICO FC 9000 - 2B;7.50
LAPIS PRETO TECNICO FC 9000 - 3B;7.50
LAPIS PRETO TECNICO FC 9000 - 4B;7.50
LAPIS PRETO TECNICO FC 9000 - 5B;7.50
LAPIS PRETO TECNICO FC 9000 - 6B;7.50
LAPIS PRETO TECNICO FC 9000 - 8B;7.50
LAPIS PRETO TECNICO FC 9000 - H;7.50
LAPIS PRETO TECNICO FC 9000 - HB;7.50
LAPIS PRETO TECNICO FC 9000 - 2H;7.50
LAPIS PRETO TECNICO MAPED 6B;7.50
LAPIS PRETO TECNICO MERCUR 9B;7.50
LAPIS PRETO TECNICO MERCUR 6B;4.00
LAPIS PRETO COPIATIVO CIS VIOLETA;7.70
LAPIS PRETO DERMATOGRAFICO;7.70
LAPIS PRETO MAPED HB2;3.50
LAPIS PRETO FC GRIP;3.50
LAPIS PRETO FC GRIP METALIZADO;4.00
LAPIS PRETO FC LICENCIADO N2;2.50
LAPIS PRETO FC ECOLAPIS;2.00
LAPIS PRETO FC JUMBO N2;2.50
LAPIS PRETO FC JUMBO N2 MINI;2.50
LAPIS DE COR CIS 4CORES;2.50
LAPIS PRETO ECOLE FULL HB;2.00
LAPIS PRETO TRIS MOLIN;2.50
LAPIS PRETO DIVERSOS;1.50
LAPIS PRETO BIC EVOLUTION SEXTAVADO HB VERDE;1.50
LAPIS DE COR NORMA 24 CORES;44.00
LAPIS DE COR MULTICLOR 36 CORES;37.90
LAPIS DE COR MULTICLOR 24 CORES;25.50
LAPIS DE COR MULTICLOR 12 CORES;14.50
LAPIS DE COR WINNER 12 CORES;15.80
LAPIS DE COR WINNER 24 CORES;22.80
LAPIS DE COR WINNER 36 CORES;33.90
LAPIS DE COR BIC SEXTAVADO 12 CORES;17.90
LAPIS DE COR BIC SEXTAVADO 24 CORES;21.90
LAPIS DE COR BIC TRIANGULAR GIGANTE 12 CORES;27.30
LAPIS DE COR FC 12C +1LAPIS+1AP+1BORRACHA+1CANETA;23.50
LAPIS DE COR FC 24 CORES;44.60
LAPIS DE COR FC 36 CORES SEXTAVADO;55.60
LAPIS DE COR FC 48 CORES;75.60
LAPIS DE COR MEIO 12 CORES;5.50
LAPIS DE COR KIT 24 CORES;12.50
LAPIS DE COR KIT 36 CORES;17.00
LAPIS DE COR MAPED 12 CORES APONTADOR LSPID;17.00
LAPIS DE COR MAPED 12 CORES JUMBO;33.50
KIT ESCOLAR WINCY;22.50
ETIQUETA PREÇO 25X05;7.90
ETIQUETA PREÇO 24X12 250unid;4.00
ETIQUETA PREÇO 24X12 1000unid;7.50
ETIQUETA PREÇO P/MAQUINA FITACREL MX5500;7.50
ETIQUETA PREÇO 22X12 N11;5.50
ETIQUETA PREÇO 29X15 N5;5.50
ETIQUETA PREÇO 39X20 N6;9.80
ETIQUETA PREÇO 50X30;9.80
ETIQUETA PREÇO 85X60;16.50
ETIQUETA PREÇO 85X60 333;46.90
ETIQUETA PREÇO 30X20 GR1;7.00
ETIQUETA PREÇO 30X40 GR3;8.50
ETIQUETA ESCOLAR FITACREL 8X4 C/10;2.00
FITA DUREX 12MMX10M TRANSP;2.00
FITA DUREX 12MMX30M TRANSP;3.00
FITA DUREX 12MMX50M/40 TRANSP;3.90
FITA DUREX EMPACOTAMENTO 48MMX40MTS CRISTAL;12.00
FITA DUREX INVISIVEL 12X33 MAGICA;16.20
FITA DUREX COLOR 12MMX10M;2.00
FITA CREPE 18MMX10MTS;4.60
FITA CREPE 24MMX50MTS;14.30
FITA CREPE 24MMX50MTS;29.00
FITA DUPLA FACE 12MMX10MTS;5.80
FITA DUPLA FACE ACRILICA 12MMX2MTS;25.30
FITA DUPLA FACE ACRILICA 19MMX2MTS;33.80
FITA DUPLA FACE ACRILICA 19MMX2MTS;42.70
COLA BRANCA ESCOLAR 40GR;4.50
COLA BRANCA ESCOLAR 90GR;8.50
COLA BRANCA COMUM 1000G;42.50
COLA BASTAO 8 -9-10GR;2.50
COLA BASTAO MARIPEL 20GR;4.00
COLA BASTAO MARIPEL 40GR;5.00
COLA BASTAO ACRILEX 10GR;7.50
COLA BASTAO ACRILEX 20GR;12.50
COLA BASTAO ACRILEX 40GR;15.00
COLA BASTAO MAXPRINT 40G;9.50
COLA BASTAO PRITT 10GR;6.50
COLA BASTAO CIS 8GR;4.00
PASTA SANFONADA CHEQUE 12DV;20.60
PASTA SANFONADA A4 12D CORES;32.00
PLASTICO CADERNO CORES;20.60
ELASTICO AMARELO N18 30 UNIDADES;4.50
FIO DE SILICONE 0.5;9.00
FIO DE SILICONE 0.7;9.00
FIO DE SILICONE 1.0;9.00
BARBANTE ESCOLAR ALGODAO CRU CORES;8.90
LINHA COSTURA CORES;4.50
ESPETO DE MADEIRA 50 UNIDADES;4.50
PALITO MADEIRA CORES;18.50
PALITO MADEIRA NATURAL;18.50
PAPEL CONTACT TRANSPARENTE;8.50
PRANCHETA DURATEX 1/2 OFICIO;10.80
PRANCHETA DURATEX OFICIO;18.50
PASTA CATALOGO A4 PRETA 10 ENV;17.50
AGENDA PERMANENTE;41.50
COLA QUENTE GROSSO REFIL;3.90
COLA QUENTE FINO REFIL;1.60
COLA EVA ISOPOR 100ML;13.00
COLA PERMANENTE ACRLEX;6.20
COLA ISOPOR 40GR;6.20
COLA PANO ACRILEX 35GR;9.60
COLA DE ALTA RESISTENCIA UNIVERSAL 17G;9.60
COLA INSTANTANEA - 2GRS;4.40
COLA TEK BOND 793 20G;19.90
COLA GLITER ACRILEX VERDE;4.50
REGUA PLASTICA CRISTAL 15 CM;4.00
PASTA CATALOGO A4 PRETA 50 ENV;30.50
SACOLA YNIS 7191 7225;12.80
SACOLA YNIS 7178 7198 7201;9.50
SACOLA YNIS 7203;7.80
SACOLA YNIS 7230;4.50
SACOLA YNIS 7192 VINHO;9.00
EMBALAGEM SACOLA KRAFT 39X32;4.50
EMBALAGEM SACOLA KRAFT 24X33;5.30
EMBALAGEM SACOLA KRAFT 19X24;4.00
EMBALAGEM SACOLA KRAFT 11X14;4.00
REGUA AÇO 15 CM KIT;16.00
REGUA PLASTICA CRISTAL 20CM;4.50
REGUA PLASTICA CRISTAL REFORÇADA 30CM;5.00
REGUA PLASTICA CRISTAL 30CM;2.50
REGUA NORMOGRAFO WALEU;7.90
KIT ESCOLAR 1 GRAU 2 GRAU;6.00
REGUA GEOMETRICA WALEU;5.00
TRANSFERIDOR CHANFRADO 180º;2.70
TRANSFERIDOR CHANFRADO 360º;3.70
ESQUADRO 21X45;1.60
ESQUADRO 21X60;1.60
POLASSIL A4 220X307;8.00
BLOCO DALLEC 110X110;9.00
BLOCO DALLEC 16X9;10.00
BLOCO DECORADO;5.00
FLAG MARCADOR DE PÁGINA NEON 3 CORES;12.00
FLAG MARCADOR DE PÁGINA NEON 12 CORES;21.50
BLOCO ADESIVO KIT 75X100 KRAFT;9.00
BLOCO ADESIVO KIT 76X76 KRAFT;5.00
BLOCO ADESIVO TRANSPARENTE;10.50
BLOCO ADESIVO 76X76 100FLS STAR OFFICE;12.00
BLOCO ADESIVO NEON 76X76 50 FLS;6.00
BLOCO ADESIVO 4X1 CORES NEON PASTEL 50FLS;8.50
BLOCO ADESIVO KIT PASTEIS NEON 4X1 100FLS;8.50
PINCEL ARTISTICO K20-0 473-0;3.50
PINCEL ARTISTICO K20-2;4.00
PINCEL ARTISTICO K20-4;4.50
PINCEL ARTISTICO K20-6 473-6;4.90
PINCEL ARTISTICO K20-8;5.20
PINCEL ARTISTICO K20-10 473-10;5.90
PINCEL ARTISTICO K20-12 473-12;6.50
PINCEL ARTISTICO K20-14 473-14;7.00
PINCEL ARTISTICO K20-16;4.90
PINCEL ARTISTICO K20-18;5.50
PINCEL ARTISTICO K20-20;5.70
PINCEL ARTISTICO K20-22;6.50
PINCEL ARTISTICO K20-24;6.90
PINCEL ARTISTICO K21-0;3.60
PINCEL ARTISTICO K21-2;3.90
PINCEL ARTISTICO K21-6;4.00
PINCEL ARTISTICO K21-8;4.80
PINCEL ARTISTICO K21-12;5.00
PINCEL ARTISTICO 474 N 0;5.00
PINCEL ARTISTICO 474 N 2;5.50
PINCEL ARTISTICO 474 N 4;5.60
PINCEL ARTISTICO 474 N 6;5.70
PINCEL ARTISTICO 474 N 8;6.00
PINCEL ARTISTICO 474 N 10;6.50
PINCEL ARTISTICO 474 N 12;7.00
PINCEL ARTISTICO 474 N 14;8.60
PINCEL ARTISTICO 474 N 16;8.90
PAPEL LAMINADO CORES;1.80
PINCEL ARTISTICO 474 N 18;8.90
PINCEL ARTISTICO 474 N 20;9.50
FLAG MARCADOR DE PÁGINA NEON 5 CORES;21.50
FLAG MARCADOR DE PÁGINA NUMERAIS SIMBOLOS;10.50
ESTOJO PORTA LAPIS PALITO CRISTAL;16.60
PAPEL CHAMEX A4 300 FLS;24.00
PILHA PANASONIC COMUM D GRANDE PAR;12.70
Capas para encadernacao;5.50
POLASSIL TITULO CPF RG 66X99;4.00