('PAPEL CHAMEX A4','PAPEL CHAMEX A4',38.00,382)
('PAPEL OFICIO A4 BRANCO 100','PAPEL OFICIO A4 BRANCO 100',12.50,571)
('CHAMEX A4 AVULSO','CHAMEX A4 AVULSO',0.36,679)
('CADERNO BROCHURAO 48 FLS CD COSTURADO CORES','CADERNO BROCHURAO 48 FLS CD COSTURADO CORES',8.90,732)
('CADERNO BROCHURAO 80 FLS CD COSTURADO CORES','CADERNO BROCHURAO 80 FLS CD COSTURADO CORES',19.00,558)
('CADERNO BROCHURAO 96 FLS CD COSTURADO CORES','CADERNO BROCHURAO 96 FLS CD COSTURADO CORES',22.00,917)
('CADERNO BROCHURAO 80 FLS CD COSTURADO FORONI','CADERNO BROCHURAO 80 FLS CD COSTURADO FORONI',27.70,878)
('CADERNO 1 MT A5 80 FLS ESPIRAL','CADERNO 1 MT A5 80 FLS ESPIRAL',24.00,797)
('CADERNO BROCHURÃO CD 96FLS CP JANDAIA','CADERNO BROCHURÃO CD 96FLS CP JANDAIA',14.00,0)
('CADERNO BROCHURAO CD 48FLS CP TILIBRA','CADERNO BROCHURAO CD 48FLS CP TILIBRA',14.00,379)
('CADERNO BROCHURÃO CD 96FLS SP CORES','CADERNO BROCHURÃO CD 96FLS SP CORES',18.00,546)
('CADERNO BROCHURÃO CD 80FLS SP SD','CADERNO BROCHURÃO CD 80FLS SP SD',18.00,101)
('CADERNO LINGUAGEM CD COMECANDO A ESCREVER 40F','CADERNO LINGUAGEM CD COMECANDO A ESCREVER 40F',12.20,159)
('CADERNO 1MT ESP CD TILIBRA FEM/MASC 96FLS','CADERNO 1MT ESP CD TILIBRA FEM/MASC 96FLS',21.90,141)
('CADERNO 1MT ESP CAPA FORTE 96 FLS','CADERNO 1MT ESP CAPA FORTE 96 FLS',16.60,191)
('CADERNO 10MT CD ESP JANDAIA 160 FLS','CADERNO 10MT CD ESP JANDAIA 160 FLS',25.80,598)
('CADERNO 10MT ESP CD TILIBRA MAIS FEM/MASC 200FLS','CADERNO 10MT ESP CD TILIBRA MAIS FEM/MASC 200FLS',29.50,600)
('CADERNO 10MT ESP CD FLIP 160FLS','CADERNO 10MT ESP CD FLIP 160FLS',32.50,401)
('CADERNO BROCHURAO SP 60FLS FLEX','CADERNO BROCHURAO SP 60FLS FLEX',13.50,233)
('CADERNO BROCHURÃO FLEX CP 80FLS','CADERNO BROCHURÃO FLEX CP 80FLS',12.90,53)
('CADERNO BROCHURÃO CF 60 FLS LICENCIADO MASC FEM','CADERNO BROCHURÃO CF 60 FLS LICENCIADO MASC FEM',11.50,118)
('CADERNO MEIA PAUTA CD','CADERNO MEIA PAUTA CD',23.50,433)
('BLOCO CARTA SÃO DOMINGOS GDE 50FLS','BLOCO CARTA SÃO DOMINGOS GDE 50FLS',11.70,924)
('CADERNETA 1/16 ESPIRAL CF 40FLS','CADERNETA 1/16 ESPIRAL CF 40FLS',2.00,637)
('CADERNETA KIT 1/16 80FLS','CADERNETA KIT 1/16 80FLS',5.20,319)
('CADERNETA 1/16 CD 64FLS ESP PRETA','CADERNETA 1/16 CD 64FLS ESP PRETA',5.60,388)
('CADERNETA 1/8 ESPIRAL TILIBRA CD 80FLS','CADERNETA 1/8 ESPIRAL TILIBRA CD 80FLS',12.80,909)
('CADERNETA 1/8 ESPIRAL TILIBRA CD 96FLS','CADERNETA 1/8 ESPIRAL TILIBRA CD 96FLS',15.20,259)
('CADERNO 1/4 ESPIRAL CF M/F TILIBRA 96 FLS','CADERNO 1/4 ESPIRAL CF M/F TILIBRA 96 FLS',10.50,643)
('CADERNO 1/4 ESPIRAL CF TILIBRA M/F 48 FLS','CADERNO 1/4 ESPIRAL CF TILIBRA M/F 48 FLS',6.50,619)
('CADERNO 1/4 ESPIRAL CAPA FORTE NEUTRO 48 FLS','CADERNO 1/4 ESPIRAL CAPA FORTE NEUTRO 48 FLS',5.00,69)
('CADERNO 1/4 ESPIRAL CD 80 FLS','CADERNO 1/4 ESPIRAL CD 80 FLS',11.90,604)
('CADERNO 1/4 ESPIRAL CD 200 FLS','CADERNO 1/4 ESPIRAL CD 200 FLS',26.90,99)
('CADERNO 1/4 BROCHURA 48 FLS','CADERNO 1/4 BROCHURA 48 FLS',4.50,322)
('CADERNO 1/4 BROCHURA 96 FLS','CADERNO 1/4 BROCHURA 96 FLS',7.50,472)
('CADERNO 1/4 BROCHURA CD - 96FLS CORES','CADERNO 1/4 BROCHURA CD - 96FLS CORES',10.50,304)
('CADERNO 1/4 BROCHURA CD - 48FLS CORES','CADERNO 1/4 BROCHURA CD - 48FLS CORES',7.00,0)
('CADERNO 1/4 BROCHURA CD 96FLS COM INDICE A/Z','CADERNO 1/4 BROCHURA CD 96FLS COM INDICE A/Z',18.50,104)
('CADERNETA KRAFT TILIBRA','CADERNETA KRAFT TILIBRA',14.40,239)
('CADERNETA FILIBOOK','CADERNETA FILIBOOK',14.40,787)
('CADERNO 1/4 CALIGRAFIA CF 40FLS','CADERNO 1/4 CALIGRAFIA CF 40FLS',4.50,700)
('CADERNO 1/4 CALIGRAFIA 48FLS','CADERNO 1/4 CALIGRAFIA 48FLS',4.50,158)
('CADERNO CALIGRAFIA BROCHURAO CD 48FLS','CADERNO CALIGRAFIA BROCHURAO CD 48FLS',16.30,199)
('CADERNO CARTOGRAFIA GRAMPO CF 40FLS','CADERNO CARTOGRAFIA GRAMPO CF 40FLS',5.50,791)
('CADERNO CARTOGRAFIA ESPIRAL CF 48FLS','CADERNO CARTOGRAFIA ESPIRAL CF 48FLS',10.90,246)
('CADERNO CARTOGRAFIA ESPIRAL CF 96FLS','CADERNO CARTOGRAFIA ESPIRAL CF 96FLS',14.80,158)
('CADERNO CARTOGRAFIA GRAMPO CD 40FLS','CADERNO CARTOGRAFIA GRAMPO CD 40FLS',14.80,846)
('CADERNO CARTOGRAFIA CD ESPIRAL 80 FLS MASC/FEM','CADERNO CARTOGRAFIA CD ESPIRAL 80 FLS MASC/FEM',25.30,812)
('PAPEL OFICIO A4 COLOR 100','PAPEL OFICIO A4 COLOR 100',16.50,538)
('PAPEL OFICIO A4 AMARELO 100','PAPEL OFICIO A4 AMARELO 100',12.50,638)
('PAPEL OFICIO A4 AZUL 100','PAPEL OFICIO A4 AZUL 100',12.50,8)
('PAPEL OFICIO A4 ROSA 100','PAPEL OFICIO A4 ROSA 100',12.50,290)
('PAPEL OFICIO A4 VERDE 100','PAPEL OFICIO A4 VERDE 100',12.50,716)
('PASTA ELASTICO AMARELA OFICIO 20MM','PASTA ELASTICO AMARELA OFICIO 20MM',7.80,728)
('PASTA ELASTICO CRISTAL OFICIO 20MM','PASTA ELASTICO CRISTAL OFICIO 20MM',7.80,548)
('PASTA ELASTICO FUME OFICIO 20MM','PASTA ELASTICO FUME OFICIO 20MM',7.80,205)
('PASTA ELASTICO VERDE OFICIO 20MM','PASTA ELASTICO VERDE OFICIO 20MM',7.80,312)
('PASTA ELASTICO VERMELHA OFICIO 20MM','PASTA ELASTICO VERMELHA OFICIO 20MM',7.80,1)
('PASTA ELASTICO AZUL OFICIO 30MM','PASTA ELASTICO AZUL OFICIO 30MM',8.00,525)
('PASTA ELASTICO CRISTAL OFICIO 30MM','PASTA ELASTICO CRISTAL OFICIO 30MM',8.00,485)
('PASTA ELASTICO FUME OFICIO 30MM','PASTA ELASTICO FUME OFICIO 30MM',8.00,436)
('PASTA ELASTICO FUME OFICIO 40MM','PASTA ELASTICO FUME OFICIO 40MM',8.50,902)
('PASTA ELASTCO OFICIO CRISTAL 55MM','PASTA ELASTCO OFICIO CRISTAL 55MM',11.20,972)
('PASTA ELASTCO OFICIO FUME 55MM DELLO','PASTA ELASTCO OFICIO FUME 55MM DELLO',11.20,770)
('PASTA ELASTICO POLIONDA AZUL 2CM','PASTA ELASTICO POLIONDA AZUL 2CM',4.50,856)
('PASTA ELASTICO POLIONDA AMARELA 2CM','PASTA ELASTICO POLIONDA AMARELA 2CM',4.50,588)
('PASTA ELASTICO POLIONDA VERMELHO 2CM','PASTA ELASTICO POLIONDA VERMELHO 2CM',4.50,977)
('PASTA ELASTICO POLIONDA AZUL 5.5CM','PASTA ELASTICO POLIONDA AZUL 5.5CM',6.50,536)
('PASTA ELASTICO POLIONDA AMARELA 5.5CM','PASTA ELASTICO POLIONDA AMARELA 5.5CM',6.50,147)
('PASTA ELASTICO POLIONDA VERDE 5.5CM','PASTA ELASTICO POLIONDA VERDE 5.5CM',6.50,628)
('PASTA ELASTICO POLIONDA VERMELHO 5.5CM','PASTA ELASTICO POLIONDA VERMELHO 5.5CM',6.50,816)
('PASTA ELASTICO 1/2 OFICIO CRISTAL 20MM','PASTA ELASTICO 1/2 OFICIO CRISTAL 20MM',4.00,313)
('PASTA ELASTICO 1/2 OFICIO FUME 20MM','PASTA ELASTICO 1/2 OFICIO FUME 20MM',4.00,881)
('PASTA ELASTICO 1/2 OFICIO FUME','PASTA ELASTICO 1/2 OFICIO FUME',3.50,562)
('PASTA ELASTICO 1/2 OFICIO VERMELHO','PASTA ELASTICO 1/2 OFICIO VERMELHO',4.00,290)
('MALETA PLAST PP 40MM CRISTAL','MALETA PLAST PP 40MM CRISTAL',4.00,788)
('MALETA PLAST PP 40MM FUME','MALETA PLAST PP 40MM FUME',4.00,337)
('MALETA PLAST DECORADA','MALETA PLAST DECORADA',35.00,736)
('MALETA A3 CRISTAL','MALETA A3 CRISTAL',39.70,123)
('MALETA A3 FUME','MALETA A3 FUME',39.70,550)
('MALETA A2 CRISTAL','MALETA A2 CRISTAL',53.70,506)
('PASTA SUSPENSA MARMORIZADA PLASTIFICADA C/VARETA+VISOR0039','PASTA SUSPENSA MARMORIZADA PLASTIFICADA C/VARETA+VISOR0039',4.50,835)
('PASTA SUSPENSA MARMORIZADA C/VARETA+VISOR 354','PASTA SUSPENSA MARMORIZADA C/VARETA+VISOR 354',3.80,639)
('ARQUIVO MORTO AZUL E VERDE PEQ 35*13*25','ARQUIVO MORTO AZUL E VERDE PEQ 35*13*25',14.10,653)
('ARQUIVO MORTO AZUL GDE 40*30*18','ARQUIVO MORTO AZUL GDE 40*30*18',34.50,131)
('ARQUIVO MORTO KRAFT PEQ','ARQUIVO MORTO KRAFT PEQ',6.60,529)
('ARQUIVO MORTO KRAFT GDE','ARQUIVO MORTO KRAFT GDE',34.50,682)
('ENVELOPE PARDO 260X360','ENVELOPE PARDO 260X360',1.50,803)
('ENVELOPE PARDO 310x410','ENVELOPE PARDO 310x410',1.50,680)
('ENVELOPE PARDO 370x470','ENVELOPE PARDO 370x470',2.00,298)
('ENVELOPE PARDO 162X229','ENVELOPE PARDO 162X229',0.70,56)
('ENVELOPE PARDO 176X250','ENVELOPE PARDO 176X250',0.70,993)
('ENVELOPE PARDO 229X324','ENVELOPE PARDO 229X324',1.00,344)
('ENVELOPE PARDO 240X340','ENVELOPE PARDO 240X340',1.00,323)
('ENVELOPE BRANCO 176X250','ENVELOPE BRANCO 176X250',0.80,853)
('ENVELOPE BRANCO 229X324','ENVELOPE BRANCO 229X324',0.80,790)
('ENVELOPE BRANCO 240X340','ENVELOPE BRANCO 240X340',1.80,954)
('ENVELOPE BRANCO 260X360','ENVELOPE BRANCO 260X360',2.00,902)
('ENVELOPE PARDO 110X170','ENVELOPE PARDO 110X170',0.50,734)
('ENVELOPE BRANCO COMERCIAL AERO 114X162','ENVELOPE BRANCO COMERCIAL AERO 114X162',0.50,101)
('ENVELOPE BRANCO COMERCIAL 114X162 40GRS SEM RPC','ENVELOPE BRANCO COMERCIAL 114X162 40GRS SEM RPC',0.50,449)
('ENVELOPE BRANCO COMERCIAL 114X162 40GRS COM RPC','ENVELOPE BRANCO COMERCIAL 114X162 40GRS COM RPC',0.50,770)
('ENVELOPE BRANCO COMERCIAL 114X229 SEM RPC','ENVELOPE BRANCO COMERCIAL 114X229 SEM RPC',0.50,626)
('ENVELOPE BRANCO COMERCIAL 114X229 COM RPC','ENVELOPE BRANCO COMERCIAL 114X229 COM RPC',0.50,535)
('ENVELOPE CARTAO VISITA BRANCO 67X100 / 72X108','ENVELOPE CARTAO VISITA BRANCO 67X100 / 72X108',0.50,798)
('ENVELOPE PLASTICO MEDIO EM FURO','ENVELOPE PLASTICO MEDIO EM FURO',1.00,701)
('ENVELOPE PLASTICO MEDIO COM FURO','ENVELOPE PLASTICO MEDIO COM FURO',1.30,945)
('ENVELOPE SACO PP TRANSPARENTE 25X35','ENVELOPE SACO PP TRANSPARENTE 25X35',1.30,511)
('PAPEL FILIPAPER DECOR 180 A4 C/20 FLS','PAPEL FILIPAPER DECOR 180 A4 C/20 FLS',19.80,740)
('PAPEL COLOR PLUS SORTIDO','PAPEL COLOR PLUS SORTIDO',14.50,832)
('PAPEL COLOR SET ECOCORES 110 GRS 35FLS','PAPEL COLOR SET ECOCORES 110 GRS 35FLS',25.50,190)
('PAPEL COLOR CREATIVE PAPER 48FLS','PAPEL COLOR CREATIVE PAPER 48FLS',12.80,731)
('PAPEL COLOR SET A4 BRANCO 50FLS JANDAINHA','PAPEL COLOR SET A4 BRANCO 50FLS JANDAINHA',19.60,337)
('PAPEL CARTAO KIT CARDS LUMINOSO A4 25FLS SORTIDAS','PAPEL CARTAO KIT CARDS LUMINOSO A4 25FLS SORTIDAS',18.90,473)
('PAPEL FILIPINHO COLOR COR UNICA','PAPEL FILIPINHO COLOR COR UNICA',15.80,201)
('PAPEL COUCHE A4 170GRS BRILHO','PAPEL COUCHE A4 170GRS BRILHO',26.00,543)
('PAPEL VERGE PALHA A4 120GRS 30FLS','PAPEL VERGE PALHA A4 120GRS 30FLS',11.90,946)
('PAPEL VERGE SALMAO A4 90GRS 100FLS','PAPEL VERGE SALMAO A4 90GRS 100FLS',15.80,70)
('PAPEL VERGE SALMAO A4 120GRS 30FLS','PAPEL VERGE SALMAO A4 120GRS 30FLS',11.90,292)
('PAPEL VERGE CREME A4 120GRS 30FLS','PAPEL VERGE CREME A4 120GRS 30FLS',11.90,118)
('PAPEL VERGE CREME A4 180GRS 20FLS','PAPEL VERGE CREME A4 180GRS 20FLS',11.90,226)
('PAPEL VERGE CREME A4 180GRS 50FLS','PAPEL VERGE CREME A4 180GRS 50FLS',24.00,194)
('PAPEL COUCHE A4 180GRS BRILHO 50 FLS','PAPEL COUCHE A4 180GRS BRILHO 50 FLS',34.90,482)
('PAPEL GLOSSY MASTERPRINT ADESIVO 20','PAPEL GLOSSY MASTERPRINT ADESIVO 20',36.00,878)
('PAPEL GLOSSY MASTERPRINT ADESIVO 50FLS','PAPEL GLOSSY MASTERPRINT ADESIVO 50FLS',51.80,303)
('PAPEL GLOSSY MASTERPRINT A4 20 FLS','PAPEL GLOSSY MASTERPRINT A4 20 FLS',19.80,226)
('PAPEL DIVERSOS A4','PAPEL DIVERSOS A4',25.00,988)
('DIVISORIA PARA FICHARIO 1/4 6 MT','DIVISORIA PARA FICHARIO 1/4 6 MT',5.90,704)
('DIVISORIA PARA FICHARIO UNIV 6 MTS 04 FUROS','DIVISORIA PARA FICHARIO UNIV 6 MTS 04 FUROS',6.70,402)
('DIVISORIA PARA FICHARIO UNIV 10 MTS 04 FUROS','DIVISORIA PARA FICHARIO UNIV 10 MTS 04 FUROS',10.40,585)
('DIVISORIA PARA FICHARIO UNIV 12MTS 4 FUROS','DIVISORIA PARA FICHARIO UNIV 12MTS 4 FUROS',13.40,227)
('REFIL FICHARIO TILIBRA BRANCO 200 FLS','REFIL FICHARIO TILIBRA BRANCO 200 FLS',40.50,519)
('REFIL FICHARIO TILIBRA BRANCO 96 FLS','REFIL FICHARIO TILIBRA BRANCO 96 FLS',14.90,230)
('REFIL FICHARIO TILIBRA COLOR 96 FLS','REFIL FICHARIO TILIBRA COLOR 96 FLS',14.90,660)
('REFIL FICHARIO BRANCO JANDAIA 96FLS','REFIL FICHARIO BRANCO JANDAIA 96FLS',14.90,317)
('REFIL FICHARIO PAUTA BRANCA 25 FLS 2 FUROS','REFIL FICHARIO PAUTA BRANCA 25 FLS 2 FUROS',9.00,160)
('REFIL FICHARIO DECORADO 64FLS KIT','REFIL FICHARIO DECORADO 64FLS KIT',9.00,462)
('IMPRESSO CONTRATO DE LOCAÇÃO 100FLS','IMPRESSO CONTRATO DE LOCAÇÃO 100FLS',0.50,746)
('CURRICULUM VITAE 50FLS','CURRICULUM VITAE 50FLS',0.50,967)
('BLOCO RASCUNHO COM PICOTE 115X160 100FLS','BLOCO RASCUNHO COM PICOTE 115X160 100FLS',8.90,525)
('BLOCO RASCUNHO COM PICOTE 160X225 100FLS','BLOCO RASCUNHO COM PICOTE 160X225 100FLS',8.90,413)
('RECIBO CONDOMINIO 50FLS','RECIBO CONDOMINIO 50FLS',5.00,866)
('RECIBO DE ALUGUEL C CANHOTO 50FLS','RECIBO DE ALUGUEL C CANHOTO 50FLS',5.00,501)
('RECIBO COMERCIAL C CANHOTO 50FLS','RECIBO COMERCIAL C CANHOTO 50FLS',5.00,206)
('NOTA PROMISSORIA AMARELA 50FLS','NOTA PROMISSORIA AMARELA 50FLS',5.00,187)
('RECIBO TAXI 50FLS','RECIBO TAXI 50FLS',4.00,162)
('PEDIDO DE MESA CARBONADO 50X2','PEDIDO DE MESA CARBONADO 50X2',4.80,495)
('TALOES DE PEDIDO 2 VIAS 1/32 105X159','TALOES DE PEDIDO 2 VIAS 1/32 105X159',4.00,188)
('RIFA 30','RIFA 30',2.00,203)
('PLACA ALUGA-SE E VENDE-SE','PLACA ALUGA-SE E VENDE-SE',4.00,313)
('VALES C CANHOTO 50FLS','VALES C CANHOTO 50FLS',4.00,291)
('COMANDA 2 CORPOS 100FLS','COMANDA 2 CORPOS 100FLS',4.00,622)
('AÇÃO ENTRE AMIGOS','AÇÃO ENTRE AMIGOS',4.50,216)
('GUIA PREV SOCIAL','GUIA PREV SOCIAL',7.00,617)
('TALOES NOTA NEUTRA 1/18 50FLS','TALOES NOTA NEUTRA 1/18 50FLS',4.00,28)
('TALOES NOTA NEUTRA 1/36 C COPIA 104X155','TALOES NOTA NEUTRA 1/36 C COPIA 104X155',5.00,60)
('TALOES DE PEDIDO 150x200 1 VIAS 1/18','TALOES DE PEDIDO 150x200 1 VIAS 1/18',7.00,765)
('TALOES DE PEDIDO 2 VIAS 14X21 1/18','TALOES DE PEDIDO 2 VIAS 14X21 1/18',7.00,785)
('FICHA PAUTADA 6X9 100 FLS','FICHA PAUTADA 6X9 100 FLS',38.00,949)
('FICHA PAUTADA 5X8 100','FICHA PAUTADA 5X8 100',31.00,912)
('FICHA PAUTADA 4X6 100','FICHA PAUTADA 4X6 100',18.40,629)
('FICHA PAUTADA 3X5 100','FICHA PAUTADA 3X5 100',13.80,473)
('LIVRO CONTA CORRENTE OFICIO 100FLS','LIVRO CONTA CORRENTE OFICIO 100FLS',28.50,772)
('LIVRO PONTO OFICIO 50 FLS','LIVRO PONTO OFICIO 50 FLS',20.00,62)
('LIVRO CONTA CORRENTE OFICIO 50FLS','LIVRO CONTA CORRENTE OFICIO 50FLS',19.80,950)
('LIVRO MOVIMENTO CAIXA OFICIO 100 FLS','LIVRO MOVIMENTO CAIXA OFICIO 100 FLS',26.80,660)
('LIVRO MOVIMENTO CAIXA 1/4 100 FLS','LIVRO MOVIMENTO CAIXA 1/4 100 FLS',13.60,806)
('LIVRO CONTA CORRENTE 1/4 100 FLS','LIVRO CONTA CORRENTE 1/4 100 FLS',15.90,651)
('LIVRO CAIXA OFICIO 50 FLS','LIVRO CAIXA OFICIO 50 FLS',25.50,946)
('LIVRO ATA 50FLS','LIVRO ATA 50FLS',14.80,741)
('LIVRO ATAS 100FLS','LIVRO ATAS 100FLS',22.70,9)
('LIVRO PROTOCOLO 1/4 50FLS','LIVRO PROTOCOLO 1/4 50FLS',7.00,443)
('LIVRO REGISTRO DE EMPREGADO 50FLS','LIVRO REGISTRO DE EMPREGADO 50FLS',30.00,277)
('PILHA COMUM AA','PILHA COMUM AA',8.00,876)
('PILHA COMUM AAA','PILHA COMUM AAA',8.00,49)
('PILHA ALCALINA AA','PILHA ALCALINA AA',10.90,915)
('PILHA ALCALINA AAA','PILHA ALCALINA AAA',11.50,13)
('BATERIA LITHIUN 1616','BATERIA LITHIUN 1616',8.50,336)
('BATERIA LITHIUN 1620','BATERIA LITHIUN 1620',8.50,328)
('BATERIA LITHIUN 2016','BATERIA LITHIUN 2016',8.50,637)
('BATERIA LITHIUN 2025','BATERIA LITHIUN 2025',12.50,791)
('BATERIA LITHIUN 2032','BATERIA LITHIUN 2032',11.50,860)
('BATERIA LITHIUN LR1130 LR54','BATERIA LITHIUN LR1130 LR54',5.00,525)
('BATERIA LR44 AG13','BATERIA LR44 AG13',5.00,61)
('BATERIA A27 12V','BATERIA A27 12V',7.00,136)
('BATERIA A23 12V','BATERIA A23 12V',30.00,547)
('GRAMPO MOLA 15MM','GRAMPO MOLA 15MM',30.00,807)
('GRAMPO MOLA 19MM','GRAMPO MOLA 19MM',1.00,612)
('GRAMPO MOLA 25MM','GRAMPO MOLA 25MM',1.50,412)
('GRAMPO MOLA 32MM','GRAMPO MOLA 32MM',2.50,2)
('GRAMPO MOLA 41MM','GRAMPO MOLA 41MM',3.50,27)
('GRAMPO MOLA 51MM','GRAMPO MOLA 51MM',4.50,193)
('CLIPS 8/0 137UNID','CLIPS 8/0 137UNID',17.90,822)
('CLIPS 8/0 25UNID','CLIPS 8/0 25UNID',17.90,302)
('CLIPS 6/0 50UNID','CLIPS 6/0 50UNID',9.00,744)
('CLIPS 4/0 50UNID','CLIPS 4/0 50UNID',7.00,264)
('CLIPS 2/0 50UNID','CLIPS 2/0 50UNID',7.00,438)
('CLIPS COLORIDO 100 UN','CLIPS COLORIDO 100 UN',12.50,249)
('CLIPS N5 PRATA. OURO. COLOR C 100','CLIPS N5 PRATA. OURO. COLOR C 100',9.50,453)
('CLIPS N5 PRATA. OURO. COLOR 200 UN','CLIPS N5 PRATA. OURO. COLOR 200 UN',12.00,804)
('PERCEVEJO COBREADO 100','PERCEVEJO COBREADO 100',6.50,97)
('ALFINETE MAPA COLORIDO 50 REDONDO','ALFINETE MAPA COLORIDO 50 REDONDO',8.30,31)
('COLCHETE LATONADO N 4','COLCHETE LATONADO N 4',0.10,46)
('COLCHETE LATONADO N 10','COLCHETE LATONADO N 10',0.20,844)
('COLCHETE LATONADO N 12','COLCHETE LATONADO N 12',0.30,81)
('GRAMPO TOT GALVANIZADO C 1000','GRAMPO TOT GALVANIZADO C 1000',5.60,418)
('GRAMPO GALVANIZADO 26X6 C1000','GRAMPO GALVANIZADO 26X6 C1000',5.00,491)
('GRAMPO GALVANIZADO 26X6 C 5000','GRAMPO GALVANIZADO 26X6 C 5000',13.80,977)
('GRAMPEADOR 20 FLS','GRAMPEADOR 20 FLS',22.90,134)
('GRAMPEADOR COM ROTACAO 20 FLS','GRAMPEADOR COM ROTACAO 20 FLS',35.00,254)
('GRAMPEADOR METAL GRANDE 20CM','GRAMPEADOR METAL GRANDE 20CM',37.60,840)
('SUPORTE DE FITA ADESIVA GDE','SUPORTE DE FITA ADESIVA GDE',45.60,149)
('APLICADOR FITA EMPACOTAR','APLICADOR FITA EMPACOTAR',52.50,631)
('EXTRATOR DE GRAMPO','EXTRATOR DE GRAMPO',5.00,300)
('REFIL QUADRO BRANCO PILOT VBM CORES','REFIL QUADRO BRANCO PILOT VBM CORES',7.50,785)
('REFIL CANETA PERMANENTE CORES','REFIL CANETA PERMANENTE CORES',8.00,3)
('REFIL CANETA QUADRO BRANCO CORES','REFIL CANETA QUADRO BRANCO CORES',9.00,666)
('TINTA CARIMBO CORES','TINTA CARIMBO CORES',9.00,880)
('ALMOFADA CARIMBO N3 CORES','ALMOFADA CARIMBO N3 CORES',9.00,778)
('CORDAO CRACHA RETRATIL CORES','CORDAO CRACHA RETRATIL CORES',4.00,434)
('CORDAO CRACHA SILICONE','CORDAO CRACHA SILICONE',1.50,316)
('PRESILHA PARA CRACHA','PRESILHA PARA CRACHA',2.50,226)
('CRACHA VERTICAL COM CORDAO','CRACHA VERTICAL COM CORDAO',4.50,431)
('CRACHA HORIZONTAL SEM PRESILHA','CRACHA HORIZONTAL SEM PRESILHA',3.00,586)
('CRACHA VERTICAL SEM PRESILHA','CRACHA VERTICAL SEM PRESILHA',3.00,570)
('PORTA DOC RG 75X105','PORTA DOC RG 75X105',2.00,267)
('PORTA DOC CNH 65X90','PORTA DOC CNH 65X90',2.00,451)
('PROTETOR DE CARTAO RIGIDO','PROTETOR DE CARTAO RIGIDO',2.00,336)
('IDENTIFICADOR DE CHAVES','IDENTIFICADOR DE CHAVES',4.00,398)
('BORRACHA CIS DADINHO','BORRACHA CIS DADINHO',4.00,952)
('BORRACHA KIT FUN','BORRACHA KIT FUN',4.00,907)
('BORRACHA ENGROSSADOR MERCUR GRIP LONGO','BORRACHA ENGROSSADOR MERCUR GRIP LONGO',4.00,920)
('BORRACHA LIMPA TIPO','BORRACHA LIMPA TIPO',5.60,56)
('BORRACHA PENTEL BRANCA','BORRACHA PENTEL BRANCA',4.50,77)
('BORRACHA PONTEIRA BRANCA','BORRACHA PONTEIRA BRANCA',0.80,95)
('BORRACHA DELTA','BORRACHA DELTA',4.00,606)
('BORRACHA BRANCA 40','BORRACHA BRANCA 40',2.50,975)
('BORRACHA BRANCA 20','BORRACHA BRANCA 20',2.90,921)
('BORRACHA BRANCA ZERO','BORRACHA BRANCA ZERO',5.90,272)
('BORRACHA FC NEON GLITER PASTEL','BORRACHA FC NEON GLITER PASTEL',5.50,505)
('BORRACHA FC CAVEIRINHA','BORRACHA FC CAVEIRINHA',4.90,804)
('BORRACHA FC BRANCA MAX GDE PLAST VERMELHA','BORRACHA FC BRANCA MAX GDE PLAST VERMELHA',9.40,481)
('BORRACHA FC BRANCA MAX PEQ PLAST VERMELHA','BORRACHA FC BRANCA MAX PEQ PLAST VERMELHA',5.50,862)
('BORRACHA FC MINI SLEEVE','BORRACHA FC MINI SLEEVE',5.80,122)
('APONTADOR DUO FC C DEPOSITO BORRACHA','APONTADOR DUO FC C DEPOSITO BORRACHA',11.60,358)
('APONTADOR DUO MAPED','APONTADOR DUO MAPED',16.50,194)
('APONTADOR MAPED 1 FURO COM DEPOSITO','APONTADOR MAPED 1 FURO COM DEPOSITO',5.00,432)
('APONTADOR MAPED 1 FURO COM DEPOSITO BOOGY','APONTADOR MAPED 1 FURO COM DEPOSITO BOOGY',5.00,830)
('APONTADOR MAPED 2 FURO COM DEPOSITO BOOGY','APONTADOR MAPED 2 FURO COM DEPOSITO BOOGY',6.50,59)
('APONTADOR FC C DEPOSITO 1F PASTEL','APONTADOR FC C DEPOSITO 1F PASTEL',7.50,403)
('APONTADOR FC C DEPOSITO 1F TRANSPARENTE','APONTADOR FC C DEPOSITO 1F TRANSPARENTE',7.50,426)
('APONTADOR FC C DEPOSITO TRANSP 1F MINI','APONTADOR FC C DEPOSITO TRANSP 1F MINI',7.50,691)
('APONTADOR FC C DEPOSITO BOLA DA VEZ','APONTADOR FC C DEPOSITO BOLA DA VEZ',14.00,708)
('APONTADOR MASTERPRINT 1 FURO COM DEPOSITO','APONTADOR MASTERPRINT 1 FURO COM DEPOSITO',3.50,62)
('APONTADOR MASTERPRINT 2 FURO COM DEPOSITO','APONTADOR MASTERPRINT 2 FURO COM DEPOSITO',4.50,799)
('APONTADOR MAPED S DEPOSITO','APONTADOR MAPED S DEPOSITO',3.00,264)
('APONTADOR FC S DEPOSITO','APONTADOR FC S DEPOSITO',3.00,736)
('APONTADOR FC S DEPOSITO CLASSICO','APONTADOR FC S DEPOSITO CLASSICO',3.00,642)
('APONTADOR METAL','APONTADOR METAL',3.00,175)
('GRAFITE PENTEL 0.3B 12 MINAS','GRAFITE PENTEL 0.3B 12 MINAS',9.80,790)
('GRAFITE 2.0 MM 6 MINAS','GRAFITE 2.0 MM 6 MINAS',9.80,610)
('GRAFITE FC 0.5MM B 24 MINAS','GRAFITE FC 0.5MM B 24 MINAS',8.50,291)
('GRAFITE FC 0.5MM HB 24 MINAS','GRAFITE FC 0.5MM HB 24 MINAS',8.50,754)
('GRAFITE 0.5MM 2B 12 MINAS','GRAFITE 0.5MM 2B 12 MINAS',8.50,597)
('GRAFITE FC 0.5MM 2B 24 MINAS','GRAFITE FC 0.5MM 2B 24 MINAS',8.50,664)
('GRAFITE FC 0.7MM B 24 MINAS','GRAFITE FC 0.7MM B 24 MINAS',8.50,203)
('GRAFITE FC 0.7MM HB 24 MINAS','GRAFITE FC 0.7MM HB 24 MINAS',8.50,258)
('GRAFITE FC 0.7MM 2B 24 MINAS','GRAFITE FC 0.7MM 2B 24 MINAS',8.50,842)
('GRAFITE 0.7MM 2B 12 MINAS','GRAFITE 0.7MM 2B 12 MINAS',8.50,666)
('GRAFITE FC 0.9MM B 24 MINAS','GRAFITE FC 0.9MM B 24 MINAS',8.50,255)
('GRAFITE 0.9MM 2B 12 MINAS','GRAFITE 0.9MM 2B 12 MINAS',6.50,848)
('GLITER PRATA 3GRS','GLITER PRATA 3GRS',6.50,912)
('GLITER CRISTAL 3GRS','GLITER CRISTAL 3GRS',2.00,419)
('GLITER AZUL CLARO 3GRS','GLITER AZUL CLARO 3GRS',2.00,825)
('GLITER AZUL ESCURO 3GRS','GLITER AZUL ESCURO 3GRS',2.00,546)
('GLITER COBRE 3GRS','GLITER COBRE 3GRS',2.00,365)
('GLITER LILAS 3GRS','GLITER LILAS 3GRS',2.00,838)
('GLITER LARANJA 3GRS','GLITER LARANJA 3GRS',2.00,126)
('GLITER OURO 3GRS','GLITER OURO 3GRS',2.00,50)
('GLITER VERDE 3GRS','GLITER VERDE 3GRS',2.00,614)
('GLITER VERMELHO 3GRS','GLITER VERMELHO 3GRS',2.00,212)
('GLITER PINK 3GRS','GLITER PINK 3GRS',2.00,704)
('GLITER PRETO 3GRS','GLITER PRETO 3GRS',2.00,835)
('GLITER DECORADO 3GRS','GLITER DECORADO 3GRS',2.00,716)
('GLITER ROXO 3GRS','GLITER ROXO 3GRS',2.00,323)
('GLITER NEON AMARELO 3GRS','GLITER NEON AMARELO 3GRS',2.00,91)
('GLITER NEON AZUL 3GRS','GLITER NEON AZUL 3GRS',2.00,582)
('GLITER NEON LARANJA 3GRS','GLITER NEON LARANJA 3GRS',2.00,256)
('GLITER NEON LILAS 3GRS','GLITER NEON LILAS 3GRS',2.00,306)
('GLITER NEON ROSA 3GRS','GLITER NEON ROSA 3GRS',2.00,889)
('TINTA GUACHE CORES 250ML','TINTA GUACHE CORES 250ML',12.00,950)
('TINTA GUACHE 15ML AMARELO OURO','TINTA GUACHE 15ML AMARELO OURO',2.00,66)
('TINTA GUACHE 15ML AMARELO PELE','TINTA GUACHE 15ML AMARELO PELE',2.00,786)
('TINTA GUACHE 15ML AZUL CELESTE','TINTA GUACHE 15ML AZUL CELESTE',2.00,509)
('TINTA GUACHE 15ML AZUL TURQUEZA','TINTA GUACHE 15ML AZUL TURQUEZA',2.00,625)
('TINTA GUACHE 15ML BRANCO','TINTA GUACHE 15ML BRANCO',2.00,299)
('TINTA GUACHE 15ML LARANJA','TINTA GUACHE 15ML LARANJA',2.00,933)
('TINTA GUACHE 15ML MAGENTA','TINTA GUACHE 15ML MAGENTA',2.00,681)
('TINTA GUACHE 15ML MARROM','TINTA GUACHE 15ML MARROM',2.00,378)
('TINTA GUACHE 15ML PRETO','TINTA GUACHE 15ML PRETO',2.00,930)
('TINTA GUACHE 15ML ROSA','TINTA GUACHE 15ML ROSA',2.00,944)
('TINTA GUACHE 15ML VERDE BANDEIRA','TINTA GUACHE 15ML VERDE BANDEIRA',2.00,905)
('TINTA GUACHE 15ML VERDE FOLHA','TINTA GUACHE 15ML VERDE FOLHA',2.00,951)
('TINTA GUACHE 15ML VERMELHO FOGO','TINTA GUACHE 15ML VERMELHO FOGO',2.00,434)
('TINTA GUACHE 15ML VIOLETA','TINTA GUACHE 15ML VIOLETA',2.00,298)
('TINTA GUACHE 15ML COM 6','TINTA GUACHE 15ML COM 6',11.00,444)
('TINTA GUACHE 15ML COM 12','TINTA GUACHE 15ML COM 12',18.90,329)
('TINTA PINTURA A DEDO 15ML COM 6','TINTA PINTURA A DEDO 15ML COM 6',8.90,683)
('TINTA TECIDO ACRILEX AMARELO OURO','TINTA TECIDO ACRILEX AMARELO OURO',8.80,889)
('TINTA TECIDO ACRILEX AZUL CELESTE','TINTA TECIDO ACRILEX AZUL CELESTE',8.80,96)
('TINTA TECIDO ACRILEX AZUL MARINHO','TINTA TECIDO ACRILEX AZUL MARINHO',8.80,724)
('TINTA TECIDO ACRILEX BRANCO','TINTA TECIDO ACRILEX BRANCO',8.80,293)
('TINTA TECIDO ACRILEX LARANJA','TINTA TECIDO ACRILEX LARANJA',8.80,975)
('TINTA TECIDO ACRILEX MARROM','TINTA TECIDO ACRILEX MARROM',8.80,545)
('TINTA TECIDO ACRILEX PRETO','TINTA TECIDO ACRILEX PRETO',8.80,400)
('TINTA TECIDO ACRILEX VERDE','TINTA TECIDO ACRILEX VERDE',8.80,971)
('CANETA TECIDO ACRILEX CORES','CANETA TECIDO ACRILEX CORES',11.00,489)
('CANETA TECIDO ACRILEX PRETA','CANETA TECIDO ACRILEX PRETA',13.80,234)
('MOLHA DEDO GEL','MOLHA DEDO GEL',6.50,268)
('ELASTICO DINHEIRO MERCUR 200 UNIDADES','ELASTICO DINHEIRO MERCUR 200 UNIDADES',21.00,305)
('TESOURA 25CM','TESOURA 25CM',32.50,344)
('TESOURA 21CM','TESOURA 21CM',15.90,202)
('TESOURA 19CM','TESOURA 19CM',12.90,655)
('TESOURA 17.5CM','TESOURA 17.5CM',10.50,415)
('TESOURA ESCOLAR','TESOURA ESCOLAR',15.50,654)
('LAMINA ESTILETE 09CM','LAMINA ESTILETE 09CM',8.00,536)
('LAMINA ESTILETE 18CM','LAMINA ESTILETE 18CM',12.50,605)
('ESTILETE 9 MM','ESTILETE 9 MM',2.80,799)
('ESTILETE 18 MM','ESTILETE 18 MM',5.50,594)
('ESTILETE 18 MM PROFISSIONAL','ESTILETE 18 MM PROFISSIONAL',10.50,402)
('PERFURADOR DE PAPEL 08 FLS','PERFURADOR DE PAPEL 08 FLS',29.50,373)
('PERFURADOR DE PAPEL 20 FLS','PERFURADOR DE PAPEL 20 FLS',31.80,660)
('CORRETIVO FITA MERCUR 12M','CORRETIVO FITA MERCUR 12M',30.30,857)
('CORRETIVO CANETA MERCUR 8ML','CORRETIVO CANETA MERCUR 8ML',20.80,495)
('CORRETIVO LIQUIDO MERCUR 18ML','CORRETIVO LIQUIDO MERCUR 18ML',6.90,761)
('CORRETIVO CANETA CIS 7ML','CORRETIVO CANETA CIS 7ML',17.70,250)
('CORRETIVO FITA CIS TAPE 5M','CORRETIVO FITA CIS TAPE 5M',21.50,736)
('CORRETIVO FITA JOCAR','CORRETIVO FITA JOCAR',12.00,518)
('COMPASSO ESCOLAR LEO','COMPASSO ESCOLAR LEO',13.50,872)
('COMPASSO ESCOLAR METAL CIS','COMPASSO ESCOLAR METAL CIS',20.00,628)
('LAPISEIRA PENTEL TECNICA PRATA 0.3MM','LAPISEIRA PENTEL TECNICA PRATA 0.3MM',37.80,725)
('LAPISEIRA PENTEL TECNICA PRATA 0.5MM','LAPISEIRA PENTEL TECNICA PRATA 0.5MM',37.80,106)
('LAPISEIRA PENTEL TECNICA PRATA 0.7MM','LAPISEIRA PENTEL TECNICA PRATA 0.7MM',37.80,375)
('LAPISEIRA PENTEL 0.5MM','LAPISEIRA PENTEL 0.5MM',15.00,784)
('LAPISEIRA CIS FOG 05MM','LAPISEIRA CIS FOG 05MM',7.60,413)
('LAPISEIRA CIS GRAPH 05','LAPISEIRA CIS GRAPH 05',17.00,642)
('LAPISEIRA LEO 07','LAPISEIRA LEO 07',7.50,989)
('LAPISEIRA PENTEL TWISTER 07','LAPISEIRA PENTEL TWISTER 07',7.50,782)
('LAPISEIRA CIS MAX 05MM','LAPISEIRA CIS MAX 05MM',13.60,485)
('LAPISEIRA CIS GRAPH 07','LAPISEIRA CIS GRAPH 07',17.00,587)
('LAPISEIRA CIS TECNICO 07','LAPISEIRA CIS TECNICO 07',11.70,817)
('LAPISEIRA CIS OMNI 07','LAPISEIRA CIS OMNI 07',11.90,974)
('LAPISEIRA CIS MOV 07','LAPISEIRA CIS MOV 07',15.50,43)
('LAPISEIRA CIS PENTATONIC 07','LAPISEIRA CIS PENTATONIC 07',15.50,534)
('LAPISEIRA BRW 07','LAPISEIRA BRW 07',13.60,726)
('LAPISEIRA CIS FUN 07','LAPISEIRA CIS FUN 07',13.60,254)
('LAPISEIRA MAXPRINT GATTE NEON 07','LAPISEIRA MAXPRINT GATTE NEON 07',7.70,325)
('LAPISEIRA FC GRIP MATIC 0.5','LAPISEIRA FC GRIP MATIC 0.5',29.90,363)
('LAPISEIRA JOCAR TECNICA 0.9','LAPISEIRA JOCAR TECNICA 0.9',7.50,558)
('LAPISEIRA CIS GRAPH 09','LAPISEIRA CIS GRAPH 09',17.70,214)
('LAPISEIRA CIS CLUB 2.0','LAPISEIRA CIS CLUB 2.0',13.00,433)
('LAPISEIRA LEO e LEO 2.0','LAPISEIRA LEO e LEO 2.0',7.50,540)
('LAPISEIRA CIS TROCA PONTA 2.0 TIK TAK','LAPISEIRA CIS TROCA PONTA 2.0 TIK TAK',7.50,300)
('PAPEL CREPON 2M AZUL ROYAL','PAPEL CREPON 2M AZUL ROYAL',3.00,294)
('PAPEL CREPON 2M BRANCO','PAPEL CREPON 2M BRANCO',3.00,878)
('PAPEL CREPON 2M LARANJA','PAPEL CREPON 2M LARANJA',3.00,511)
('PAPEL CREPON 2M LILAS','PAPEL CREPON 2M LILAS',3.00,615)
('PAPEL CREPON 2M PRETO','PAPEL CREPON 2M PRETO',3.00,284)
('PAPEL CREPON 2M VERDE BANDEIRA','PAPEL CREPON 2M VERDE BANDEIRA',3.00,916)
('PAPEL CREPON 2M ROSA','PAPEL CREPON 2M ROSA',3.00,233)
('PAPEL CREPON 2M MARROM','PAPEL CREPON 2M MARROM',3.00,555)
('PAPEL CREPON 2M VERMELHO','PAPEL CREPON 2M VERMELHO',3.00,164)
('PAPEL CREPON 2M PINK','PAPEL CREPON 2M PINK',3.00,650)
('CANETA QB BIC CORES','CANETA QB BIC CORES',10.50,765)
('CANETA QB STAROFFICE CORES','CANETA QB STAROFFICE CORES',7.90,498)
('CANETA MP BIC TANK CORES','CANETA MP BIC TANK CORES',7.50,914)
('CANETA MP FC TANK CORES','CANETA MP FC TANK CORES',6.50,712)
('CANETA MP SHARPIE TANK CORES','CANETA MP SHARPIE TANK CORES',6.50,524)
('CANETA MP SHARPIE REDONDO CORES','CANETA MP SHARPIE REDONDO CORES',10.20,772)
('CANETA MP PILOT REDONDO 100 CORES','CANETA MP PILOT REDONDO 100 CORES',7.50,207)
('CANETA HIDROGRAFICA PILOT REDONDO 850 JR CORES','CANETA HIDROGRAFICA PILOT REDONDO 850 JR CORES',6.80,211)
('CANETA RETRO PILOT 1.0 CORES','CANETA RETRO PILOT 1.0 CORES',9.70,509)
('CANETA RETRO PILOT 2.0 CORES','CANETA RETRO PILOT 2.0 CORES',9.70,204)
('CANETA UNI BOL 03 MITSUBISHI','CANETA UNI BOL 03 MITSUBISHI',35.90,370)
('CANETA UNI BOL 08 MITSUBISHI','CANETA UNI BOL 08 MITSUBISHI',35.90,916)
('CANETA FC FINE PEN ESTOJO','CANETA FC FINE PEN ESTOJO',62.50,589)
('CANETA FC FINEPEN CORES 04','CANETA FC FINEPEN CORES 04',9.70,259)
('CANETA COMPACTOR MICROLINE ESTOJO 04','CANETA COMPACTOR MICROLINE ESTOJO 04',36.70,331)
('CANETA COMPACTOR MICROLINE 04 CORES','CANETA COMPACTOR MICROLINE 04 CORES',7.50,342)
('CANETA STABILO FINE 04 CORES','CANETA STABILO FINE 04 CORES',15.80,396)
('CANETA HIDROCOR STARSCHOOL COLOR SORTIDO 12 CORES','CANETA HIDROCOR STARSCHOOL COLOR SORTIDO 12 CORES',14.80,167)
('CANETA HIDROCOR STARSCHOOL COLOR SORTIDO 6 CORES','CANETA HIDROCOR STARSCHOOL COLOR SORTIDO 6 CORES',7.00,739)
('FLOATINGPEN ESTOJO 12 CORES','FLOATINGPEN ESTOJO 12 CORES',63.00,700)
('CANETA MARCA TEXTO COMUM CORES','CANETA MARCA TEXTO COMUM CORES',5.00,34)
('CANETA MARCA TEXTO GEL COMUM CORES','CANETA MARCA TEXTO GEL COMUM CORES',6.50,665)
('CANETA MARCA TEXTO FC CORES','CANETA MARCA TEXTO FC CORES',7.50,105)
('CANETA FC TRILUX CORES','CANETA FC TRILUX CORES',2.20,622)
('CANETA COMPACTOR TOP 2000 CORES PONTA FINA E GROSSA','CANETA COMPACTOR TOP 2000 CORES PONTA FINA E GROSSA',1.80,6)
('CANETA ESFEROGRAFICA COMPACTOR CORES','CANETA ESFEROGRAFICA COMPACTOR CORES',2.50,926)
('CANETA DIVERSAS PROMOCAO','CANETA DIVERSAS PROMOCAO',5.00,517)
('CANETA CIS NEOTIP 07 CORES','CANETA CIS NEOTIP 07 CORES',3.90,378)
('CANETA CIS SPIRO 07 CORES','CANETA CIS SPIRO 07 CORES',5.00,846)
('CANETA CIS TECHNO 07 CORES','CANETA CIS TECHNO 07 CORES',7.40,41)
('CANETA GEL CIS OURO PRATA','CANETA GEL CIS OURO PRATA',6.50,908)
('CANETA CIS MOVE ESTOJO','CANETA CIS MOVE ESTOJO',69.70,760)
('CANETA PM FLAIR ORIGINAL CORES','CANETA PM FLAIR ORIGINAL CORES',7.80,123)
('CANETA COMPACTOR RETRATIL 07 CORES','CANETA COMPACTOR RETRATIL 07 CORES',7.80,166)
('CANETA PENTEL 1.0 RETRATIL CORES','CANETA PENTEL 1.0 RETRATIL CORES',3.70,776)
('CANETA PENTEL RSVP CORES','CANETA PENTEL RSVP CORES',7.50,523)
('CANETA PENTEL GEL RT 07 CORES','CANETA PENTEL GEL RT 07 CORES',15.00,25)
('CANETA PILOT BPS 0.7 CORES','CANETA PILOT BPS 0.7 CORES',15.00,292)
('CANETA PILOT BPS GRIP DIVERSAS CORES','CANETA PILOT BPS GRIP DIVERSAS CORES',15.00,250)
('CANETA PILOT BPS SUPER GRIP DIVERSAS CORES','CANETA PILOT BPS SUPER GRIP DIVERSAS CORES',15.00,75)
('CARTOLINA CORES','CARTOLINA CORES',2.00,115)
('PAPEL CARTAO CORES','PAPEL CARTAO CORES',3.50,474)
('PAPEL CAMURÇA CORES','PAPEL CAMURÇA CORES',1.70,779)
('COLOR SET CORES','COLOR SET CORES',1.70,96)
('PAPEL CELOFANE CORES','PAPEL CELOFANE CORES',2.20,859)
('PAPEL DE SEDA CORES','PAPEL DE SEDA CORES',0.50,479)
('PAPEL PRESENTE','PAPEL PRESENTE',3.00,346)
('PAPEL PARDO','PAPEL PARDO',2.00,858)
('CANETA PILOT RT DIVERSAS CORES','CANETA PILOT RT DIVERSAS CORES',5.00,689)
('CANETA BIC CRISTAL CORES','CANETA BIC CRISTAL CORES',2.20,647)
('CANETA BIC CRISTAL FINA CORES','CANETA BIC CRISTAL FINA CORES',2.20,848)
('CANETA BIC CRISTAL ULTRA FINA CORES','CANETA BIC CRISTAL ULTRA FINA CORES',3.70,242)
('CANETA BIC CRISTAL SOFT 1.2 CORES','CANETA BIC CRISTAL SOFT 1.2 CORES',2.60,608)
('CANETA BIC CRISTAL SOFT BOLD 1.6 CORES','CANETA BIC CRISTAL SOFT BOLD 1.6 CORES',3.90,472)
('CANETA BIC SORTIDA','CANETA BIC SORTIDA',2.80,143)
('CANETA BIC 04 CORES','CANETA BIC 04 CORES',15.90,19)
('CANETA BIC SLIM PRETA','CANETA BIC SLIM PRETA',5.00,918)
('GIZ ESCOLAR BRANCO','GIZ ESCOLAR BRANCO',8.00,807)
('GIZ DE CERA FINO ACRILEX 12 CORES','GIZ DE CERA FINO ACRILEX 12 CORES',4.00,919)
('GIZ DE CERA GIZAO ACRILEX 6 CORES NEON','GIZ DE CERA GIZAO ACRILEX 6 CORES NEON',8.90,207)
('GIZ DE CERA GIZAO ACRILEX 12 CORES','GIZ DE CERA GIZAO ACRILEX 12 CORES',9.80,245)
('GIZ DE CERA GIZAO ACRILEX TRIANGULAR C/12','GIZ DE CERA GIZAO ACRILEX TRIANGULAR C/12',6.20,210)
('GIZ PASTEL PENTEL 12 CORES','GIZ PASTEL PENTEL 12 CORES',25.20,75)
('GIZ DE CERA FABER CASTEL 12 CORES APONTADOR','GIZ DE CERA FABER CASTEL 12 CORES APONTADOR',16.40,916)
('GIZ LAPIS ESTACA CORES','GIZ LAPIS ESTACA CORES',1.30,135)
('BOLA ISOPOR 15MM','BOLA ISOPOR 15MM',0.30,285)
('BOLA ISOPOR 25MM','BOLA ISOPOR 25MM',0.40,859)
('BOLA ISOPOR 35MM','BOLA ISOPOR 35MM',0.60,124)
('BOLA ISOPOR 50MM','BOLA ISOPOR 50MM',0.90,669)
('BOLA ISOPOR 75MM','BOLA ISOPOR 75MM',1.80,903)
('BOLA ISOPOR 100MM','BOLA ISOPOR 100MM',5.50,508)
('BOLA ISOPOR 125MM','BOLA ISOPOR 125MM',8.60,153)
('BOLA ISOPOR 150MM','BOLA ISOPOR 150MM',10.60,543)
('MASSA DE MODELAR ACRILEX C/06','MASSA DE MODELAR ACRILEX C/06',6.50,192)
('MASSA DE MODELAR ACRILEX 12 SOFT','MASSA DE MODELAR ACRILEX 12 SOFT',10.50,771)
('MASSA DE MODELAR ACRILEX 15 SOFT','MASSA DE MODELAR ACRILEX 15 SOFT',15.80,649)
('BOBINA TERMICA BRANCA 79x30 1 VIA','BOBINA TERMICA BRANCA 79x30 1 VIA',8.90,307)
('BOBINA TERMICA AMARELA 80x40 1 VIA','BOBINA TERMICA AMARELA 80x40 1 VIA',12.00,77)
('BOBINA CALCULADORA 57x35 1 VIA','BOBINA CALCULADORA 57x35 1 VIA',3.90,970)
('BOBINA CALCULADORA 76x30 1 VIA','BOBINA CALCULADORA 76x30 1 VIA',5.60,865)
('BOBINA TERMICA BCA 57x15','BOBINA TERMICA BCA 57x15',4.00,278)
('PASTA ELASTICO OFICIO CORES','PASTA ELASTICO OFICIO CORES',6.50,889)
('PASTA ELASTICO OFICIO CORES PASTEL','PASTA ELASTICO OFICIO CORES PASTEL',7.50,933)
('PASTA ELASTICO OFICIO DUPLEX CORES','PASTA ELASTICO OFICIO DUPLEX CORES',5.00,971)
('PASTA L A4 CORES','PASTA L A4 CORES',5.00,307)
('PASTA GRAMPO TRILHO DUPLEX CORES','PASTA GRAMPO TRILHO DUPLEX CORES',3.50,745)
('PASTA GRAMPO TRILHO CORES PP','PASTA GRAMPO TRILHO CORES PP',6.50,478)
('PASTA CANALETA A4 CORES','PASTA CANALETA A4 CORES',6.50,952)
('PISTOLA COLA QUENTE GRANDE','PISTOLA COLA QUENTE GRANDE',42.50,224)
('MOUSE PRETO MULTILASER USB','MOUSE PRETO MULTILASER USB',24.00,471)
('MOUSE PRETO MULTILASER USB MINI','MOUSE PRETO MULTILASER USB MINI',20.00,93)
('PLACA DE ISOPOR 015MM','PLACA DE ISOPOR 015MM',9.00,153)
('PLACA DE ISOPOR 05MM','PLACA DE ISOPOR 05MM',9.00,513)
('PLACA DE ISOPOR 10MM','PLACA DE ISOPOR 10MM',6.00,216)
('PLACA DE ISOPOR 20MM','PLACA DE ISOPOR 20MM',12.00,610)
('LAPIS PRETO TECNICO FC 9000 - B','LAPIS PRETO TECNICO FC 9000 - B',12.00,597)
('LAPIS PRETO TECNICO FC 9000 - 2B','LAPIS PRETO TECNICO FC 9000 - 2B',7.50,208)
('LAPIS PRETO TECNICO FC 9000 - 3B','LAPIS PRETO TECNICO FC 9000 - 3B',7.50,203)
('LAPIS PRETO TECNICO FC 9000 - 4B','LAPIS PRETO TECNICO FC 9000 - 4B',7.50,228)
('LAPIS PRETO TECNICO FC 9000 - 5B','LAPIS PRETO TECNICO FC 9000 - 5B',7.50,661)
('LAPIS PRETO TECNICO FC 9000 - 6B','LAPIS PRETO TECNICO FC 9000 - 6B',7.50,435)
('LAPIS PRETO TECNICO FC 9000 - 8B','LAPIS PRETO TECNICO FC 9000 - 8B',7.50,230)
('LAPIS PRETO TECNICO FC 9000 - H','LAPIS PRETO TECNICO FC 9000 - H',7.50,708)
('LAPIS PRETO TECNICO FC 9000 - HB','LAPIS PRETO TECNICO FC 9000 - HB',7.50,143)
('LAPIS PRETO TECNICO FC 9000 - 2H','LAPIS PRETO TECNICO FC 9000 - 2H',7.50,538)
('LAPIS PRETO TECNICO MAPED 6B','LAPIS PRETO TECNICO MAPED 6B',7.50,616)
('LAPIS PRETO TECNICO MERCUR 9B','LAPIS PRETO TECNICO MERCUR 9B',7.50,403)
('LAPIS PRETO TECNICO MERCUR 6B','LAPIS PRETO TECNICO MERCUR 6B',4.00,948)
('LAPIS PRETO COPIATIVO CIS VIOLETA','LAPIS PRETO COPIATIVO CIS VIOLETA',7.70,29)
('LAPIS PRETO DERMATOGRAFICO','LAPIS PRETO DERMATOGRAFICO',7.70,623)
('LAPIS PRETO MAPED HB2','LAPIS PRETO MAPED HB2',3.50,94)
('LAPIS PRETO FC GRIP','LAPIS PRETO FC GRIP',3.50,433)
('LAPIS PRETO FC GRIP METALIZADO','LAPIS PRETO FC GRIP METALIZADO',4.00,525)
('LAPIS PRETO FC LICENCIADO N2','LAPIS PRETO FC LICENCIADO N2',2.50,602)
('LAPIS PRETO FC ECOLAPIS','LAPIS PRETO FC ECOLAPIS',2.00,105)
('LAPIS PRETO FC JUMBO N2','LAPIS PRETO FC JUMBO N2',2.50,537)
('LAPIS PRETO FC JUMBO N2 MINI','LAPIS PRETO FC JUMBO N2 MINI',2.50,516)
('LAPIS DE COR CIS 4CORES','LAPIS DE COR CIS 4CORES',2.50,16)
('LAPIS PRETO ECOLE FULL HB','LAPIS PRETO ECOLE FULL HB',2.00,244)
('LAPIS PRETO TRIS MOLIN','LAPIS PRETO TRIS MOLIN',2.50,768)
('LAPIS PRETO DIVERSOS','LAPIS PRETO DIVERSOS',1.50,320)
('LAPIS PRETO BIC EVOLUTION SEXTAVADO HB VERDE','LAPIS PRETO BIC EVOLUTION SEXTAVADO HB VERDE',1.50,120)
('LAPIS DE COR NORMA 24 CORES','LAPIS DE COR NORMA 24 CORES',44.00,613)
('LAPIS DE COR MULTICLOR 36 CORES','LAPIS DE COR MULTICLOR 36 CORES',37.90,281)
('LAPIS DE COR MULTICLOR 24 CORES','LAPIS DE COR MULTICLOR 24 CORES',25.50,26)
('LAPIS DE COR MULTICLOR 12 CORES','LAPIS DE COR MULTICLOR 12 CORES',14.50,7)
('LAPIS DE COR WINNER 12 CORES','LAPIS DE COR WINNER 12 CORES',15.80,198)
('LAPIS DE COR WINNER 24 CORES','LAPIS DE COR WINNER 24 CORES',22.80,79)
('LAPIS DE COR WINNER 36 CORES','LAPIS DE COR WINNER 36 CORES',33.90,31)
('LAPIS DE COR BIC SEXTAVADO 12 CORES','LAPIS DE COR BIC SEXTAVADO 12 CORES',17.90,745)
('LAPIS DE COR BIC SEXTAVADO 24 CORES','LAPIS DE COR BIC SEXTAVADO 24 CORES',21.90,739)
('LAPIS DE COR BIC TRIANGULAR GIGANTE 12 CORES','LAPIS DE COR BIC TRIANGULAR GIGANTE 12 CORES',27.30,253)
('LAPIS DE COR FC 12C +1LAPIS+1AP+1BORRACHA+1CANETA','LAPIS DE COR FC 12C +1LAPIS+1AP+1BORRACHA+1CANETA',23.50,238)
('LAPIS DE COR FC 24 CORES','LAPIS DE COR FC 24 CORES',44.60,33)
('LAPIS DE COR FC 36 CORES SEXTAVADO','LAPIS DE COR FC 36 CORES SEXTAVADO',55.60,470)
('LAPIS DE COR FC 48 CORES','LAPIS DE COR FC 48 CORES',75.60,758)
('LAPIS DE COR MEIO 12 CORES','LAPIS DE COR MEIO 12 CORES',5.50,308)
('LAPIS DE COR KIT 24 CORES','LAPIS DE COR KIT 24 CORES',12.50,818)
('LAPIS DE COR KIT 36 CORES','LAPIS DE COR KIT 36 CORES',17.00,347)
('LAPIS DE COR MAPED 12 CORES APONTADOR LSPID','LAPIS DE COR MAPED 12 CORES APONTADOR LSPID',17.00,30)
('LAPIS DE COR MAPED 12 CORES JUMBO','LAPIS DE COR MAPED 12 CORES JUMBO',33.50,476)
('KIT ESCOLAR WINCY','KIT ESCOLAR WINCY',22.50,186)
('ETIQUETA PREÇO 25X05','ETIQUETA PREÇO 25X05',7.90,344)
('ETIQUETA PREÇO 24X12 250unid','ETIQUETA PREÇO 24X12 250unid',4.00,819)
('ETIQUETA PREÇO 24X12 1000unid','ETIQUETA PREÇO 24X12 1000unid',7.50,179)
('ETIQUETA PREÇO P/MAQUINA FITACREL MX5500','ETIQUETA PREÇO P/MAQUINA FITACREL MX5500',7.50,381)
('ETIQUETA PREÇO 22X12 N11','ETIQUETA PREÇO 22X12 N11',5.50,708)
('ETIQUETA PREÇO 29X15 N5','ETIQUETA PREÇO 29X15 N5',5.50,565)
('ETIQUETA PREÇO 39X20 N6','ETIQUETA PREÇO 39X20 N6',9.80,348)
('ETIQUETA PREÇO 50X30','ETIQUETA PREÇO 50X30',9.80,596)
('ETIQUETA PREÇO 85X60','ETIQUETA PREÇO 85X60',16.50,640)
('ETIQUETA PREÇO 85X60 333','ETIQUETA PREÇO 85X60 333',46.90,477)
('ETIQUETA PREÇO 30X20 GR1','ETIQUETA PREÇO 30X20 GR1',7.00,931)
('ETIQUETA PREÇO 30X40 GR3','ETIQUETA PREÇO 30X40 GR3',8.50,98)
('ETIQUETA ESCOLAR FITACREL 8X4 C/10','ETIQUETA ESCOLAR FITACREL 8X4 C/10',2.00,533)
('FITA DUREX 12MMX10M TRANSP','FITA DUREX 12MMX10M TRANSP',2.00,830)
('FITA DUREX 12MMX30M TRANSP','FITA DUREX 12MMX30M TRANSP',3.00,144)
('FITA DUREX 12MMX50M/40 TRANSP','FITA DUREX 12MMX50M/40 TRANSP',3.90,762)
('FITA DUREX EMPACOTAMENTO 48MMX40MTS CRISTAL','FITA DUREX EMPACOTAMENTO 48MMX40MTS CRISTAL',12.00,469)
('FITA DUREX INVISIVEL 12X33 MAGICA','FITA DUREX INVISIVEL 12X33 MAGICA',16.20,798)
('FITA DUREX COLOR 12MMX10M','FITA DUREX COLOR 12MMX10M',2.00,487)
('FITA CREPE 18MMX10MTS','FITA CREPE 18MMX10MTS',4.60,420)
('FITA CREPE 24MMX50MTS','FITA CREPE 24MMX50MTS',14.30,421)
('FITA CREPE 24MMX50MTS','FITA CREPE 24MMX50MTS',29.00,925)
('FITA DUPLA FACE 12MMX10MTS','FITA DUPLA FACE 12MMX10MTS',5.80,180)
('FITA DUPLA FACE ACRILICA 12MMX2MTS','FITA DUPLA FACE ACRILICA 12MMX2MTS',25.30,24)
('FITA DUPLA FACE ACRILICA 19MMX2MTS','FITA DUPLA FACE ACRILICA 19MMX2MTS',33.80,879)
('FITA DUPLA FACE ACRILICA 19MMX2MTS','FITA DUPLA FACE ACRILICA 19MMX2MTS',42.70,800)
('COLA BRANCA ESCOLAR 40GR','COLA BRANCA ESCOLAR 40GR',4.50,341)
('COLA BRANCA ESCOLAR 90GR','COLA BRANCA ESCOLAR 90GR',8.50,281)
('COLA BRANCA COMUM 1000G','COLA BRANCA COMUM 1000G',42.50,24)
('COLA BASTAO 8 -9-10GR','COLA BASTAO 8 -9-10GR',2.50,221)
('COLA BASTAO MARIPEL 20GR','COLA BASTAO MARIPEL 20GR',4.00,996)
('COLA BASTAO MARIPEL 40GR','COLA BASTAO MARIPEL 40GR',5.00,48)
('COLA BASTAO ACRILEX 10GR','COLA BASTAO ACRILEX 10GR',7.50,403)
('COLA BASTAO ACRILEX 20GR','COLA BASTAO ACRILEX 20GR',12.50,240)
('COLA BASTAO ACRILEX 40GR','COLA BASTAO ACRILEX 40GR',15.00,115)
('COLA BASTAO MAXPRINT 40G','COLA BASTAO MAXPRINT 40G',9.50,35)
('COLA BASTAO PRITT 10GR','COLA BASTAO PRITT 10GR',6.50,32)
('COLA BASTAO CIS 8GR','COLA BASTAO CIS 8GR',4.00,958)
('PASTA SANFONADA CHEQUE 12DV','PASTA SANFONADA CHEQUE 12DV',20.60,703)
('PASTA SANFONADA A4 12D CORES','PASTA SANFONADA A4 12D CORES',32.00,561)
('PLASTICO CADERNO CORES','PLASTICO CADERNO CORES',20.60,299)
('ELASTICO AMARELO N18 30 UNIDADES','ELASTICO AMARELO N18 30 UNIDADES',4.50,602)
('FIO DE SILICONE 0.5','FIO DE SILICONE 0.5',9.00,287)
('FIO DE SILICONE 0.7','FIO DE SILICONE 0.7',9.00,275)
('FIO DE SILICONE 1.0','FIO DE SILICONE 1.0',9.00,424)
('BARBANTE ESCOLAR ALGODAO CRU CORES','BARBANTE ESCOLAR ALGODAO CRU CORES',8.90,669)
('LINHA COSTURA CORES','LINHA COSTURA CORES',4.50,121)
('ESPETO DE MADEIRA 50 UNIDADES','ESPETO DE MADEIRA 50 UNIDADES',4.50,514)
('PALITO MADEIRA CORES','PALITO MADEIRA CORES',18.50,374)
('PALITO MADEIRA NATURAL','PALITO MADEIRA NATURAL',18.50,147)
('PAPEL CONTACT TRANSPARENTE','PAPEL CONTACT TRANSPARENTE',8.50,57)
('PRANCHETA DURATEX 1/2 OFICIO','PRANCHETA DURATEX 1/2 OFICIO',10.80,575)
('PRANCHETA DURATEX OFICIO','PRANCHETA DURATEX OFICIO',18.50,109)
('PASTA CATALOGO A4 PRETA 10 ENV','PASTA CATALOGO A4 PRETA 10 ENV',17.50,870)
('AGENDA PERMANENTE','AGENDA PERMANENTE',41.50,416)
('COLA QUENTE GROSSO REFIL','COLA QUENTE GROSSO REFIL',3.90,207)
('COLA QUENTE FINO REFIL','COLA QUENTE FINO REFIL',1.60,171)
('COLA EVA ISOPOR 100ML','COLA EVA ISOPOR 100ML',13.00,483)
('COLA PERMANENTE ACRLEX','COLA PERMANENTE ACRLEX',6.20,289)
('COLA ISOPOR 40GR','COLA ISOPOR 40GR',6.20,0)
('COLA PANO ACRILEX 35GR','COLA PANO ACRILEX 35GR',9.60,10)
('COLA DE ALTA RESISTENCIA UNIVERSAL 17G','COLA DE ALTA RESISTENCIA UNIVERSAL 17G',9.60,843)
('COLA INSTANTANEA - 2GRS','COLA INSTANTANEA - 2GRS',4.40,101)
('COLA TEK BOND 793 20G','COLA TEK BOND 793 20G',19.90,257)
('COLA GLITER ACRILEX VERDE','COLA GLITER ACRILEX VERDE',4.50,215)
('REGUA PLASTICA CRISTAL 15 CM','REGUA PLASTICA CRISTAL 15 CM',4.00,459)
('PASTA CATALOGO A4 PRETA 50 ENV','PASTA CATALOGO A4 PRETA 50 ENV',30.50,849)
('SACOLA YNIS 7191 7225','SACOLA YNIS 7191 7225',12.80,913)
('SACOLA YNIS 7178 7198 7201','SACOLA YNIS 7178 7198 7201',9.50,260)
('SACOLA YNIS 7203','SACOLA YNIS 7203',7.80,167)
('SACOLA YNIS 7230','SACOLA YNIS 7230',4.50,255)
('SACOLA YNIS 7192 VINHO','SACOLA YNIS 7192 VINHO',9.00,229)
('EMBALAGEM SACOLA KRAFT 39X32','EMBALAGEM SACOLA KRAFT 39X32',4.50,684)
('EMBALAGEM SACOLA KRAFT 24X33','EMBALAGEM SACOLA KRAFT 24X33',5.30,107)
('EMBALAGEM SACOLA KRAFT 19X24','EMBALAGEM SACOLA KRAFT 19X24',4.00,950)
('EMBALAGEM SACOLA KRAFT 11X14','EMBALAGEM SACOLA KRAFT 11X14',4.00,942)
('REGUA AÇO 15 CM KIT','REGUA AÇO 15 CM KIT',16.00,175)
('REGUA PLASTICA CRISTAL 20CM','REGUA PLASTICA CRISTAL 20CM',4.50,887)
('REGUA PLASTICA CRISTAL REFORÇADA 30CM','REGUA PLASTICA CRISTAL REFORÇADA 30CM',5.00,627)
('REGUA PLASTICA CRISTAL 30CM','REGUA PLASTICA CRISTAL 30CM',2.50,132)
('REGUA NORMOGRAFO WALEU','REGUA NORMOGRAFO WALEU',7.90,0)
('KIT ESCOLAR 1 GRAU 2 GRAU','KIT ESCOLAR 1 GRAU 2 GRAU',6.00,400)
('REGUA GEOMETRICA WALEU','REGUA GEOMETRICA WALEU',5.00,770)
('TRANSFERIDOR CHANFRADO 180º','TRANSFERIDOR CHANFRADO 180º',2.70,618)
('TRANSFERIDOR CHANFRADO 360º','TRANSFERIDOR CHANFRADO 360º',3.70,877)
('ESQUADRO 21X45','ESQUADRO 21X45',1.60,212)
('ESQUADRO 21X60','ESQUADRO 21X60',1.60,749)
('POLASSIL A4 220X307','POLASSIL A4 220X307',8.00,993)
('BLOCO DALLEC 110X110','BLOCO DALLEC 110X110',9.00,97)
('BLOCO DALLEC 16X9','BLOCO DALLEC 16X9',10.00,271)
('BLOCO DECORADO','BLOCO DECORADO',5.00,912)
('FLAG MARCADOR DE PÁGINA NEON 3 CORES','FLAG MARCADOR DE PÁGINA NEON 3 CORES',12.00,545)
('FLAG MARCADOR DE PÁGINA NEON 12 CORES','FLAG MARCADOR DE PÁGINA NEON 12 CORES',21.50,530)
('BLOCO ADESIVO KIT 75X100 KRAFT','BLOCO ADESIVO KIT 75X100 KRAFT',9.00,146)
('BLOCO ADESIVO KIT 76X76 KRAFT','BLOCO ADESIVO KIT 76X76 KRAFT',5.00,830)
('BLOCO ADESIVO TRANSPARENTE','BLOCO ADESIVO TRANSPARENTE',10.50,78)
('BLOCO ADESIVO 76X76 100FLS STAR OFFICE','BLOCO ADESIVO 76X76 100FLS STAR OFFICE',12.00,587)
('BLOCO ADESIVO NEON 76X76 50 FLS','BLOCO ADESIVO NEON 76X76 50 FLS',6.00,379)
('BLOCO ADESIVO 4X1 CORES NEON PASTEL 50FLS','BLOCO ADESIVO 4X1 CORES NEON PASTEL 50FLS',8.50,438)
('BLOCO ADESIVO KIT PASTEIS NEON 4X1 100FLS','BLOCO ADESIVO KIT PASTEIS NEON 4X1 100FLS',8.50,951)
('PINCEL ARTISTICO K20-0 473-0','PINCEL ARTISTICO K20-0 473-0',3.50,834)
('PINCEL ARTISTICO K20-2','PINCEL ARTISTICO K20-2',4.00,448)
('PINCEL ARTISTICO K20-4','PINCEL ARTISTICO K20-4',4.50,368)
('PINCEL ARTISTICO K20-6 473-6','PINCEL ARTISTICO K20-6 473-6',4.90,918)
('PINCEL ARTISTICO K20-8','PINCEL ARTISTICO K20-8',5.20,980)
('PINCEL ARTISTICO K20-10 473-10','PINCEL ARTISTICO K20-10 473-10',5.90,899)
('PINCEL ARTISTICO K20-12 473-12','PINCEL ARTISTICO K20-12 473-12',6.50,405)
('PINCEL ARTISTICO K20-14 473-14','PINCEL ARTISTICO K20-14 473-14',7.00,936)
('PINCEL ARTISTICO K20-16','PINCEL ARTISTICO K20-16',4.90,146)
('PINCEL ARTISTICO K20-18','PINCEL ARTISTICO K20-18',5.50,474)
('PINCEL ARTISTICO K20-20','PINCEL ARTISTICO K20-20',5.70,576)
('PINCEL ARTISTICO K20-22','PINCEL ARTISTICO K20-22',6.50,691)
('PINCEL ARTISTICO K20-24','PINCEL ARTISTICO K20-24',6.90,530)
('PINCEL ARTISTICO K21-0','PINCEL ARTISTICO K21-0',3.60,266)
('PINCEL ARTISTICO K21-2','PINCEL ARTISTICO K21-2',3.90,82)
('PINCEL ARTISTICO K21-6','PINCEL ARTISTICO K21-6',4.00,641)
('PINCEL ARTISTICO K21-8','PINCEL ARTISTICO K21-8',4.80,571)
('PINCEL ARTISTICO K21-12','PINCEL ARTISTICO K21-12',5.00,437)
('PINCEL ARTISTICO 474 N 0','PINCEL ARTISTICO 474 N 0',5.00,172)
('PINCEL ARTISTICO 474 N 2','PINCEL ARTISTICO 474 N 2',5.50,45)
('PINCEL ARTISTICO 474 N 4','PINCEL ARTISTICO 474 N 4',5.60,355)
('PINCEL ARTISTICO 474 N 6','PINCEL ARTISTICO 474 N 6',5.70,218)
('PINCEL ARTISTICO 474 N 8','PINCEL ARTISTICO 474 N 8',6.00,240)
('PINCEL ARTISTICO 474 N 10','PINCEL ARTISTICO 474 N 10',6.50,867)
('PINCEL ARTISTICO 474 N 12','PINCEL ARTISTICO 474 N 12',7.00,93)
('PINCEL ARTISTICO 474 N 14','PINCEL ARTISTICO 474 N 14',8.60,815)
('PINCEL ARTISTICO 474 N 16','PINCEL ARTISTICO 474 N 16',8.90,909)
('PAPEL LAMINADO CORES','PAPEL LAMINADO CORES',1.80,753)
('PINCEL ARTISTICO 474 N 18','PINCEL ARTISTICO 474 N 18',8.90,112)
('PINCEL ARTISTICO 474 N 20','PINCEL ARTISTICO 474 N 20',9.50,575)
('FLAG MARCADOR DE PÁGINA NEON 5 CORES','FLAG MARCADOR DE PÁGINA NEON 5 CORES',21.50,451)
('FLAG MARCADOR DE PÁGINA NUMERAIS SIMBOLOS','FLAG MARCADOR DE PÁGINA NUMERAIS SIMBOLOS',10.50,30)
('ESTOJO PORTA LAPIS PALITO CRISTAL','ESTOJO PORTA LAPIS PALITO CRISTAL',16.60,409)
('PAPEL CHAMEX A4 300 FLS','PAPEL CHAMEX A4 300 FLS',24.00,375)
('PILHA PANASONIC COMUM D GRANDE PAR','PILHA PANASONIC COMUM D GRANDE PAR',12.70,309)
('Capas para encadernacao','Capas para encadernacao',5.50,704)
('POLASSIL TITULO CPF RG 66X99','POLASSIL TITULO CPF RG 66X99',4.00,774)
